group,variable,value
1203,ANT(4')-IIb,1
1203,APH(3'')-Ib,0
1203,AcrE,1
1203,AcrF,1
1203,AcrS,1
1203,BUT-1,1
1203,CARB-18,0
1203,CARB-20,0
1203,CARB-21,0
1203,CARB-22,0
1203,CRP,1
1203,GlpT,1
1203,H-NS,1
1203,ICR-Mc,0
1203,OCH-7,0
1203,PmrF,1
1203,TolC,1
1203,YojI,1
1203,acrA,1
1203,acrB,1
1203,acrD,0
1203,acrR,1
1203,adeF,1
1203,bacA,1
1203,baeR,1
1203,baeS,1
1203,cpxA,1
1203,dfrA5,0
1203,emrA,1
1203,emrB,1
1203,emrE,1
1203,emrK,1
1203,emrR,1
1203,emrY,1
1203,eptA,1
1203,evgA,1
1203,evgS,1
1203,floR,0
1203,gadW,1
1203,gadX,1
1203,gyrA,0
1203,kdpE,1
1203,marA,1
1203,marR,1
1203,mdfA,1
1203,mdtA,1
1203,mdtB,1
1203,mdtC,1
1203,mdtE,1
1203,mdtF,1
1203,mdtG,1
1203,mdtH,1
1203,mdtM,1
1203,mdtN,1
1203,mdtO,1
1203,mdtP,1
1203,msbA,1
1203,nfsA,1
1203,parC,0
1203,rpoB,0
1203,soxR,1
1203,soxS,1
1203,sul2,0
1203,tet(B),0
1203,tet(D),0
1203,tetR,0
1203,ugd,1
1203,vgaC,0
1686,ANT(4')-IIb,1
1686,APH(3'')-Ib,0
1686,AcrE,1
1686,AcrF,1
1686,AcrS,1
1686,BUT-1,1
1686,CARB-18,0
1686,CARB-20,0
1686,CARB-21,0
1686,CARB-22,0
1686,CRP,1
1686,GlpT,1
1686,H-NS,1
1686,ICR-Mc,0
1686,OCH-7,1
1686,PmrF,1
1686,TolC,1
1686,YojI,1
1686,acrA,1
1686,acrB,1
1686,acrD,0
1686,acrR,1
1686,adeF,1
1686,bacA,1
1686,baeR,1
1686,baeS,1
1686,cpxA,1
1686,dfrA5,0
1686,emrA,1
1686,emrB,1
1686,emrE,1
1686,emrK,1
1686,emrR,1
1686,emrY,1
1686,eptA,1
1686,evgA,1
1686,evgS,1
1686,floR,0
1686,gadW,1
1686,gadX,1
1686,gyrA,0
1686,kdpE,1
1686,marA,1
1686,marR,1
1686,mdfA,1
1686,mdtA,1
1686,mdtB,1
1686,mdtC,1
1686,mdtE,1
1686,mdtF,1
1686,mdtG,1
1686,mdtH,1
1686,mdtM,1
1686,mdtN,1
1686,mdtO,1
1686,mdtP,1
1686,msbA,1
1686,nfsA,1
1686,parC,0
1686,rpoB,0
1686,soxR,1
1686,soxS,1
1686,sul2,0
1686,tet(B),0
1686,tet(D),0
1686,tetR,0
1686,ugd,1
1686,vgaC,0
1240,ANT(4')-IIb,1
1240,APH(3'')-Ib,0
1240,AcrE,1
1240,AcrF,1
1240,AcrS,1
1240,BUT-1,1
1240,CARB-18,0
1240,CARB-20,0
1240,CARB-21,0
1240,CARB-22,0
1240,CRP,1
1240,GlpT,1
1240,H-NS,1
1240,ICR-Mc,0
1240,OCH-7,0
1240,PmrF,1
1240,TolC,1
1240,YojI,1
1240,acrA,1
1240,acrB,1
1240,acrD,0
1240,acrR,1
1240,adeF,1
1240,bacA,1
1240,baeR,1
1240,baeS,1
1240,cpxA,1
1240,dfrA5,0
1240,emrA,1
1240,emrB,1
1240,emrE,1
1240,emrK,1
1240,emrR,1
1240,emrY,1
1240,eptA,1
1240,evgA,1
1240,evgS,1
1240,floR,0
1240,gadW,1
1240,gadX,1
1240,gyrA,0
1240,kdpE,1
1240,marA,1
1240,marR,1
1240,mdfA,1
1240,mdtA,1
1240,mdtB,1
1240,mdtC,1
1240,mdtE,1
1240,mdtF,1
1240,mdtG,1
1240,mdtH,1
1240,mdtM,1
1240,mdtN,1
1240,mdtO,1
1240,mdtP,1
1240,msbA,1
1240,nfsA,1
1240,parC,0
1240,rpoB,0
1240,soxR,1
1240,soxS,1
1240,sul2,0
1240,tet(B),0
1240,tet(D),0
1240,tetR,0
1240,ugd,1
1240,vgaC,0
1204,ANT(4')-IIb,1
1204,APH(3'')-Ib,0
1204,AcrE,1
1204,AcrF,1
1204,AcrS,1
1204,BUT-1,1
1204,CARB-18,0
1204,CARB-20,0
1204,CARB-21,0
1204,CARB-22,0
1204,CRP,1
1204,GlpT,1
1204,H-NS,1
1204,ICR-Mc,0
1204,OCH-7,0
1204,PmrF,1
1204,TolC,1
1204,YojI,1
1204,acrA,1
1204,acrB,1
1204,acrD,0
1204,acrR,1
1204,adeF,1
1204,bacA,1
1204,baeR,1
1204,baeS,1
1204,cpxA,1
1204,dfrA5,0
1204,emrA,1
1204,emrB,1
1204,emrE,1
1204,emrK,1
1204,emrR,1
1204,emrY,1
1204,eptA,1
1204,evgA,1
1204,evgS,1
1204,floR,0
1204,gadW,1
1204,gadX,1
1204,gyrA,0
1204,kdpE,1
1204,marA,1
1204,marR,1
1204,mdfA,1
1204,mdtA,1
1204,mdtB,1
1204,mdtC,1
1204,mdtE,1
1204,mdtF,1
1204,mdtG,1
1204,mdtH,1
1204,mdtM,1
1204,mdtN,1
1204,mdtO,1
1204,mdtP,1
1204,msbA,1
1204,nfsA,1
1204,parC,0
1204,rpoB,0
1204,soxR,1
1204,soxS,1
1204,sul2,0
1204,tet(B),0
1204,tet(D),0
1204,tetR,0
1204,ugd,1
1204,vgaC,0
1357,ANT(4')-IIb,1
1357,APH(3'')-Ib,0
1357,AcrE,1
1357,AcrF,1
1357,AcrS,1
1357,BUT-1,1
1357,CARB-18,0
1357,CARB-20,0
1357,CARB-21,0
1357,CARB-22,0
1357,CRP,1
1357,GlpT,1
1357,H-NS,1
1357,ICR-Mc,0
1357,OCH-7,0
1357,PmrF,1
1357,TolC,1
1357,YojI,1
1357,acrA,1
1357,acrB,1
1357,acrD,0
1357,acrR,1
1357,adeF,1
1357,bacA,1
1357,baeR,1
1357,baeS,1
1357,cpxA,1
1357,dfrA5,0
1357,emrA,1
1357,emrB,1
1357,emrE,1
1357,emrK,1
1357,emrR,1
1357,emrY,1
1357,eptA,1
1357,evgA,1
1357,evgS,1
1357,floR,0
1357,gadW,1
1357,gadX,1
1357,gyrA,0
1357,kdpE,1
1357,marA,1
1357,marR,1
1357,mdfA,1
1357,mdtA,1
1357,mdtB,1
1357,mdtC,1
1357,mdtE,1
1357,mdtF,1
1357,mdtG,1
1357,mdtH,1
1357,mdtM,1
1357,mdtN,1
1357,mdtO,1
1357,mdtP,1
1357,msbA,1
1357,nfsA,1
1357,parC,0
1357,rpoB,0
1357,soxR,1
1357,soxS,1
1357,sul2,0
1357,tet(B),0
1357,tet(D),0
1357,tetR,0
1357,ugd,1
1357,vgaC,0
1743,ANT(4')-IIb,1
1743,APH(3'')-Ib,0
1743,AcrE,1
1743,AcrF,1
1743,AcrS,1
1743,BUT-1,1
1743,CARB-18,0
1743,CARB-20,0
1743,CARB-21,0
1743,CARB-22,0
1743,CRP,1
1743,GlpT,1
1743,H-NS,1
1743,ICR-Mc,0
1743,OCH-7,0
1743,PmrF,1
1743,TolC,1
1743,YojI,1
1743,acrA,1
1743,acrB,1
1743,acrD,0
1743,acrR,1
1743,adeF,1
1743,bacA,1
1743,baeR,1
1743,baeS,1
1743,cpxA,1
1743,dfrA5,0
1743,emrA,1
1743,emrB,1
1743,emrE,1
1743,emrK,1
1743,emrR,1
1743,emrY,1
1743,eptA,1
1743,evgA,1
1743,evgS,1
1743,floR,0
1743,gadW,1
1743,gadX,1
1743,gyrA,0
1743,kdpE,1
1743,marA,1
1743,marR,1
1743,mdfA,1
1743,mdtA,1
1743,mdtB,1
1743,mdtC,1
1743,mdtE,1
1743,mdtF,1
1743,mdtG,1
1743,mdtH,1
1743,mdtM,1
1743,mdtN,1
1743,mdtO,1
1743,mdtP,1
1743,msbA,1
1743,nfsA,1
1743,parC,0
1743,rpoB,0
1743,soxR,1
1743,soxS,1
1743,sul2,0
1743,tet(B),0
1743,tet(D),0
1743,tetR,0
1743,ugd,1
1743,vgaC,0
1288,ANT(4')-IIb,0
1288,APH(3'')-Ib,0
1288,AcrE,1
1288,AcrF,1
1288,AcrS,1
1288,BUT-1,1
1288,CARB-18,0
1288,CARB-20,0
1288,CARB-21,0
1288,CARB-22,0
1288,CRP,1
1288,GlpT,1
1288,H-NS,1
1288,ICR-Mc,0
1288,OCH-7,0
1288,PmrF,1
1288,TolC,1
1288,YojI,1
1288,acrA,1
1288,acrB,1
1288,acrD,0
1288,acrR,1
1288,adeF,1
1288,bacA,1
1288,baeR,1
1288,baeS,1
1288,cpxA,1
1288,dfrA5,0
1288,emrA,1
1288,emrB,1
1288,emrE,1
1288,emrK,1
1288,emrR,1
1288,emrY,1
1288,eptA,1
1288,evgA,1
1288,evgS,1
1288,floR,0
1288,gadW,1
1288,gadX,1
1288,gyrA,0
1288,kdpE,1
1288,marA,1
1288,marR,1
1288,mdfA,1
1288,mdtA,1
1288,mdtB,1
1288,mdtC,1
1288,mdtE,1
1288,mdtF,1
1288,mdtG,1
1288,mdtH,1
1288,mdtM,1
1288,mdtN,1
1288,mdtO,1
1288,mdtP,1
1288,msbA,1
1288,nfsA,1
1288,parC,0
1288,rpoB,0
1288,soxR,1
1288,soxS,1
1288,sul2,0
1288,tet(B),0
1288,tet(D),0
1288,tetR,0
1288,ugd,1
1288,vgaC,0
1671,ANT(4')-IIb,0
1671,APH(3'')-Ib,0
1671,AcrE,1
1671,AcrF,1
1671,AcrS,1
1671,BUT-1,1
1671,CARB-18,0
1671,CARB-20,0
1671,CARB-21,0
1671,CARB-22,0
1671,CRP,1
1671,GlpT,1
1671,H-NS,1
1671,ICR-Mc,0
1671,OCH-7,0
1671,PmrF,1
1671,TolC,1
1671,YojI,1
1671,acrA,1
1671,acrB,1
1671,acrD,0
1671,acrR,1
1671,adeF,1
1671,bacA,1
1671,baeR,1
1671,baeS,1
1671,cpxA,1
1671,dfrA5,0
1671,emrA,1
1671,emrB,1
1671,emrE,1
1671,emrK,1
1671,emrR,1
1671,emrY,1
1671,eptA,1
1671,evgA,1
1671,evgS,1
1671,floR,0
1671,gadW,1
1671,gadX,1
1671,gyrA,0
1671,kdpE,1
1671,marA,1
1671,marR,1
1671,mdfA,1
1671,mdtA,1
1671,mdtB,1
1671,mdtC,1
1671,mdtE,1
1671,mdtF,1
1671,mdtG,1
1671,mdtH,1
1671,mdtM,1
1671,mdtN,1
1671,mdtO,1
1671,mdtP,1
1671,msbA,1
1671,nfsA,1
1671,parC,0
1671,rpoB,0
1671,soxR,1
1671,soxS,1
1671,sul2,0
1671,tet(B),0
1671,tet(D),0
1671,tetR,0
1671,ugd,1
1671,vgaC,0
1200,ANT(4')-IIb,0
1200,APH(3'')-Ib,0
1200,AcrE,1
1200,AcrF,1
1200,AcrS,1
1200,BUT-1,1
1200,CARB-18,0
1200,CARB-20,0
1200,CARB-21,0
1200,CARB-22,0
1200,CRP,1
1200,GlpT,1
1200,H-NS,1
1200,ICR-Mc,0
1200,OCH-7,0
1200,PmrF,1
1200,TolC,1
1200,YojI,1
1200,acrA,1
1200,acrB,1
1200,acrD,0
1200,acrR,1
1200,adeF,1
1200,bacA,1
1200,baeR,1
1200,baeS,1
1200,cpxA,1
1200,dfrA5,0
1200,emrA,1
1200,emrB,1
1200,emrE,1
1200,emrK,1
1200,emrR,1
1200,emrY,1
1200,eptA,1
1200,evgA,1
1200,evgS,1
1200,floR,0
1200,gadW,1
1200,gadX,1
1200,gyrA,0
1200,kdpE,1
1200,marA,1
1200,marR,1
1200,mdfA,1
1200,mdtA,1
1200,mdtB,1
1200,mdtC,1
1200,mdtE,1
1200,mdtF,1
1200,mdtG,1
1200,mdtH,1
1200,mdtM,1
1200,mdtN,1
1200,mdtO,1
1200,mdtP,1
1200,msbA,1
1200,nfsA,1
1200,parC,0
1200,rpoB,0
1200,soxR,1
1200,soxS,1
1200,sul2,0
1200,tet(B),0
1200,tet(D),0
1200,tetR,0
1200,ugd,1
1200,vgaC,0
1913,ANT(4')-IIb,0
1913,APH(3'')-Ib,0
1913,AcrE,1
1913,AcrF,1
1913,AcrS,1
1913,BUT-1,1
1913,CARB-18,0
1913,CARB-20,0
1913,CARB-21,0
1913,CARB-22,0
1913,CRP,1
1913,GlpT,1
1913,H-NS,1
1913,ICR-Mc,0
1913,OCH-7,0
1913,PmrF,1
1913,TolC,1
1913,YojI,1
1913,acrA,1
1913,acrB,1
1913,acrD,0
1913,acrR,1
1913,adeF,1
1913,bacA,1
1913,baeR,1
1913,baeS,1
1913,cpxA,1
1913,dfrA5,0
1913,emrA,1
1913,emrB,1
1913,emrE,1
1913,emrK,1
1913,emrR,1
1913,emrY,1
1913,eptA,1
1913,evgA,1
1913,evgS,1
1913,floR,0
1913,gadW,1
1913,gadX,1
1913,gyrA,0
1913,kdpE,1
1913,marA,1
1913,marR,1
1913,mdfA,1
1913,mdtA,1
1913,mdtB,1
1913,mdtC,1
1913,mdtE,1
1913,mdtF,1
1913,mdtG,1
1913,mdtH,1
1913,mdtM,1
1913,mdtN,1
1913,mdtO,1
1913,mdtP,1
1913,msbA,1
1913,nfsA,1
1913,parC,0
1913,rpoB,0
1913,soxR,1
1913,soxS,1
1913,sul2,0
1913,tet(B),0
1913,tet(D),0
1913,tetR,0
1913,ugd,1
1913,vgaC,0
1814,ANT(4')-IIb,1
1814,APH(3'')-Ib,1
1814,AcrE,1
1814,AcrF,1
1814,AcrS,1
1814,BUT-1,1
1814,CARB-18,0
1814,CARB-20,0
1814,CARB-21,0
1814,CARB-22,0
1814,CRP,1
1814,GlpT,1
1814,H-NS,1
1814,ICR-Mc,1
1814,OCH-7,0
1814,PmrF,1
1814,TolC,1
1814,YojI,1
1814,acrA,1
1814,acrB,1
1814,acrD,0
1814,acrR,1
1814,adeF,1
1814,bacA,1
1814,baeR,1
1814,baeS,1
1814,cpxA,1
1814,dfrA5,1
1814,emrA,1
1814,emrB,1
1814,emrE,1
1814,emrK,1
1814,emrR,1
1814,emrY,1
1814,eptA,1
1814,evgA,1
1814,evgS,1
1814,floR,1
1814,gadW,1
1814,gadX,1
1814,gyrA,1
1814,kdpE,1
1814,marA,1
1814,marR,1
1814,mdfA,1
1814,mdtA,1
1814,mdtB,1
1814,mdtC,1
1814,mdtE,1
1814,mdtF,1
1814,mdtG,1
1814,mdtH,1
1814,mdtM,1
1814,mdtN,1
1814,mdtO,1
1814,mdtP,1
1814,msbA,1
1814,nfsA,1
1814,parC,1
1814,rpoB,0
1814,soxR,1
1814,soxS,1
1814,sul2,1
1814,tet(B),0
1814,tet(D),0
1814,tetR,0
1814,ugd,1
1814,vgaC,1
1729,ANT(4')-IIb,1
1729,APH(3'')-Ib,1
1729,AcrE,1
1729,AcrF,1
1729,AcrS,1
1729,BUT-1,1
1729,CARB-18,0
1729,CARB-20,0
1729,CARB-21,0
1729,CARB-22,0
1729,CRP,1
1729,GlpT,1
1729,H-NS,1
1729,ICR-Mc,1
1729,OCH-7,0
1729,PmrF,1
1729,TolC,1
1729,YojI,1
1729,acrA,1
1729,acrB,1
1729,acrD,0
1729,acrR,1
1729,adeF,1
1729,bacA,1
1729,baeR,1
1729,baeS,1
1729,cpxA,1
1729,dfrA5,1
1729,emrA,1
1729,emrB,1
1729,emrE,1
1729,emrK,1
1729,emrR,1
1729,emrY,1
1729,eptA,1
1729,evgA,1
1729,evgS,1
1729,floR,1
1729,gadW,1
1729,gadX,1
1729,gyrA,1
1729,kdpE,1
1729,marA,1
1729,marR,1
1729,mdfA,1
1729,mdtA,1
1729,mdtB,1
1729,mdtC,1
1729,mdtE,1
1729,mdtF,1
1729,mdtG,1
1729,mdtH,1
1729,mdtM,1
1729,mdtN,1
1729,mdtO,1
1729,mdtP,1
1729,msbA,1
1729,nfsA,1
1729,parC,1
1729,rpoB,0
1729,soxR,1
1729,soxS,1
1729,sul2,1
1729,tet(B),0
1729,tet(D),0
1729,tetR,0
1729,ugd,1
1729,vgaC,1
1891,ANT(4')-IIb,1
1891,APH(3'')-Ib,1
1891,AcrE,1
1891,AcrF,1
1891,AcrS,1
1891,BUT-1,1
1891,CARB-18,0
1891,CARB-20,0
1891,CARB-21,0
1891,CARB-22,0
1891,CRP,1
1891,GlpT,1
1891,H-NS,1
1891,ICR-Mc,1
1891,OCH-7,0
1891,PmrF,1
1891,TolC,1
1891,YojI,1
1891,acrA,1
1891,acrB,1
1891,acrD,0
1891,acrR,1
1891,adeF,1
1891,bacA,1
1891,baeR,1
1891,baeS,1
1891,cpxA,1
1891,dfrA5,1
1891,emrA,1
1891,emrB,1
1891,emrE,1
1891,emrK,1
1891,emrR,1
1891,emrY,1
1891,eptA,1
1891,evgA,1
1891,evgS,1
1891,floR,1
1891,gadW,1
1891,gadX,1
1891,gyrA,1
1891,kdpE,1
1891,marA,1
1891,marR,1
1891,mdfA,1
1891,mdtA,1
1891,mdtB,1
1891,mdtC,1
1891,mdtE,1
1891,mdtF,1
1891,mdtG,1
1891,mdtH,1
1891,mdtM,1
1891,mdtN,1
1891,mdtO,1
1891,mdtP,1
1891,msbA,1
1891,nfsA,1
1891,parC,1
1891,rpoB,0
1891,soxR,1
1891,soxS,1
1891,sul2,1
1891,tet(B),0
1891,tet(D),0
1891,tetR,0
1891,ugd,1
1891,vgaC,1
1042,ANT(4')-IIb,1
1042,APH(3'')-Ib,1
1042,AcrE,1
1042,AcrF,1
1042,AcrS,1
1042,BUT-1,1
1042,CARB-18,0
1042,CARB-20,0
1042,CARB-21,0
1042,CARB-22,0
1042,CRP,1
1042,GlpT,1
1042,H-NS,1
1042,ICR-Mc,1
1042,OCH-7,0
1042,PmrF,1
1042,TolC,1
1042,YojI,1
1042,acrA,1
1042,acrB,1
1042,acrD,0
1042,acrR,1
1042,adeF,1
1042,bacA,1
1042,baeR,1
1042,baeS,1
1042,cpxA,1
1042,dfrA5,1
1042,emrA,1
1042,emrB,1
1042,emrE,1
1042,emrK,1
1042,emrR,1
1042,emrY,1
1042,eptA,1
1042,evgA,1
1042,evgS,1
1042,floR,1
1042,gadW,1
1042,gadX,1
1042,gyrA,1
1042,kdpE,1
1042,marA,1
1042,marR,1
1042,mdfA,1
1042,mdtA,1
1042,mdtB,1
1042,mdtC,1
1042,mdtE,1
1042,mdtF,1
1042,mdtG,1
1042,mdtH,1
1042,mdtM,1
1042,mdtN,1
1042,mdtO,1
1042,mdtP,1
1042,msbA,1
1042,nfsA,1
1042,parC,1
1042,rpoB,0
1042,soxR,1
1042,soxS,1
1042,sul2,1
1042,tet(B),0
1042,tet(D),0
1042,tetR,0
1042,ugd,1
1042,vgaC,1
1552,ANT(4')-IIb,1
1552,APH(3'')-Ib,1
1552,AcrE,1
1552,AcrF,1
1552,AcrS,1
1552,BUT-1,1
1552,CARB-18,0
1552,CARB-20,0
1552,CARB-21,0
1552,CARB-22,0
1552,CRP,1
1552,GlpT,1
1552,H-NS,1
1552,ICR-Mc,1
1552,OCH-7,0
1552,PmrF,1
1552,TolC,1
1552,YojI,1
1552,acrA,1
1552,acrB,1
1552,acrD,0
1552,acrR,1
1552,adeF,1
1552,bacA,1
1552,baeR,1
1552,baeS,1
1552,cpxA,1
1552,dfrA5,1
1552,emrA,1
1552,emrB,1
1552,emrE,1
1552,emrK,1
1552,emrR,1
1552,emrY,1
1552,eptA,1
1552,evgA,1
1552,evgS,1
1552,floR,1
1552,gadW,1
1552,gadX,1
1552,gyrA,1
1552,kdpE,1
1552,marA,1
1552,marR,1
1552,mdfA,1
1552,mdtA,1
1552,mdtB,1
1552,mdtC,1
1552,mdtE,1
1552,mdtF,1
1552,mdtG,1
1552,mdtH,1
1552,mdtM,1
1552,mdtN,1
1552,mdtO,1
1552,mdtP,1
1552,msbA,1
1552,nfsA,1
1552,parC,1
1552,rpoB,0
1552,soxR,1
1552,soxS,1
1552,sul2,1
1552,tet(B),0
1552,tet(D),0
1552,tetR,0
1552,ugd,1
1552,vgaC,1
1953,ANT(4')-IIb,0
1953,APH(3'')-Ib,0
1953,AcrE,1
1953,AcrF,1
1953,AcrS,1
1953,BUT-1,1
1953,CARB-18,0
1953,CARB-20,0
1953,CARB-21,0
1953,CARB-22,0
1953,CRP,1
1953,GlpT,1
1953,H-NS,1
1953,ICR-Mc,0
1953,OCH-7,0
1953,PmrF,1
1953,TolC,1
1953,YojI,1
1953,acrA,1
1953,acrB,1
1953,acrD,0
1953,acrR,1
1953,adeF,1
1953,bacA,1
1953,baeR,1
1953,baeS,1
1953,cpxA,1
1953,dfrA5,0
1953,emrA,1
1953,emrB,1
1953,emrE,1
1953,emrK,1
1953,emrR,1
1953,emrY,1
1953,eptA,1
1953,evgA,1
1953,evgS,1
1953,floR,0
1953,gadW,0
1953,gadX,1
1953,gyrA,0
1953,kdpE,1
1953,marA,1
1953,marR,1
1953,mdfA,1
1953,mdtA,1
1953,mdtB,1
1953,mdtC,1
1953,mdtE,1
1953,mdtF,1
1953,mdtG,1
1953,mdtH,1
1953,mdtM,1
1953,mdtN,1
1953,mdtO,1
1953,mdtP,1
1953,msbA,1
1953,nfsA,1
1953,parC,0
1953,rpoB,0
1953,soxR,1
1953,soxS,1
1953,sul2,0
1953,tet(B),1
1953,tet(D),1
1953,tetR,1
1953,ugd,1
1953,vgaC,0
1365,ANT(4')-IIb,0
1365,APH(3'')-Ib,0
1365,AcrE,1
1365,AcrF,1
1365,AcrS,1
1365,BUT-1,1
1365,CARB-18,0
1365,CARB-20,0
1365,CARB-21,0
1365,CARB-22,0
1365,CRP,1
1365,GlpT,1
1365,H-NS,1
1365,ICR-Mc,0
1365,OCH-7,0
1365,PmrF,1
1365,TolC,1
1365,YojI,1
1365,acrA,1
1365,acrB,1
1365,acrD,1
1365,acrR,1
1365,adeF,0
1365,bacA,1
1365,baeR,1
1365,baeS,1
1365,cpxA,1
1365,dfrA5,0
1365,emrA,1
1365,emrB,1
1365,emrE,1
1365,emrK,1
1365,emrR,1
1365,emrY,1
1365,eptA,1
1365,evgA,1
1365,evgS,1
1365,floR,0
1365,gadW,0
1365,gadX,1
1365,gyrA,0
1365,kdpE,1
1365,marA,1
1365,marR,1
1365,mdfA,1
1365,mdtA,1
1365,mdtB,1
1365,mdtC,1
1365,mdtE,1
1365,mdtF,1
1365,mdtG,1
1365,mdtH,1
1365,mdtM,1
1365,mdtN,1
1365,mdtO,1
1365,mdtP,1
1365,msbA,1
1365,nfsA,1
1365,parC,0
1365,rpoB,0
1365,soxR,1
1365,soxS,1
1365,sul2,0
1365,tet(B),1
1365,tet(D),1
1365,tetR,1
1365,ugd,1
1365,vgaC,0
1688,ANT(4')-IIb,0
1688,APH(3'')-Ib,0
1688,AcrE,1
1688,AcrF,1
1688,AcrS,1
1688,BUT-1,1
1688,CARB-18,0
1688,CARB-20,0
1688,CARB-21,0
1688,CARB-22,0
1688,CRP,1
1688,GlpT,1
1688,H-NS,1
1688,ICR-Mc,0
1688,OCH-7,0
1688,PmrF,1
1688,TolC,1
1688,YojI,1
1688,acrA,1
1688,acrB,1
1688,acrD,1
1688,acrR,1
1688,adeF,0
1688,bacA,1
1688,baeR,1
1688,baeS,1
1688,cpxA,1
1688,dfrA5,0
1688,emrA,1
1688,emrB,1
1688,emrE,1
1688,emrK,1
1688,emrR,1
1688,emrY,1
1688,eptA,1
1688,evgA,1
1688,evgS,1
1688,floR,0
1688,gadW,0
1688,gadX,1
1688,gyrA,0
1688,kdpE,1
1688,marA,1
1688,marR,1
1688,mdfA,1
1688,mdtA,1
1688,mdtB,1
1688,mdtC,1
1688,mdtE,1
1688,mdtF,1
1688,mdtG,1
1688,mdtH,1
1688,mdtM,1
1688,mdtN,1
1688,mdtO,1
1688,mdtP,1
1688,msbA,1
1688,nfsA,1
1688,parC,0
1688,rpoB,0
1688,soxR,1
1688,soxS,1
1688,sul2,0
1688,tet(B),1
1688,tet(D),1
1688,tetR,1
1688,ugd,1
1688,vgaC,0
1032,ANT(4')-IIb,1
1032,APH(3'')-Ib,0
1032,AcrE,1
1032,AcrF,1
1032,AcrS,1
1032,BUT-1,1
1032,CARB-18,0
1032,CARB-20,0
1032,CARB-21,0
1032,CARB-22,0
1032,CRP,1
1032,GlpT,1
1032,H-NS,1
1032,ICR-Mc,0
1032,OCH-7,0
1032,PmrF,1
1032,TolC,1
1032,YojI,1
1032,acrA,1
1032,acrB,1
1032,acrD,0
1032,acrR,1
1032,adeF,1
1032,bacA,1
1032,baeR,1
1032,baeS,1
1032,cpxA,1
1032,dfrA5,0
1032,emrA,1
1032,emrB,1
1032,emrE,1
1032,emrK,1
1032,emrR,1
1032,emrY,1
1032,eptA,1
1032,evgA,1
1032,evgS,1
1032,floR,0
1032,gadW,0
1032,gadX,1
1032,gyrA,0
1032,kdpE,1
1032,marA,1
1032,marR,1
1032,mdfA,1
1032,mdtA,1
1032,mdtB,1
1032,mdtC,1
1032,mdtE,1
1032,mdtF,1
1032,mdtG,1
1032,mdtH,1
1032,mdtM,1
1032,mdtN,1
1032,mdtO,1
1032,mdtP,1
1032,msbA,1
1032,nfsA,1
1032,parC,0
1032,rpoB,0
1032,soxR,1
1032,soxS,1
1032,sul2,0
1032,tet(B),0
1032,tet(D),0
1032,tetR,0
1032,ugd,1
1032,vgaC,0
1759,ANT(4')-IIb,1
1759,APH(3'')-Ib,0
1759,AcrE,1
1759,AcrF,1
1759,AcrS,1
1759,BUT-1,1
1759,CARB-18,0
1759,CARB-20,0
1759,CARB-21,0
1759,CARB-22,0
1759,CRP,1
1759,GlpT,1
1759,H-NS,1
1759,ICR-Mc,0
1759,OCH-7,0
1759,PmrF,1
1759,TolC,1
1759,YojI,1
1759,acrA,1
1759,acrB,1
1759,acrD,0
1759,acrR,1
1759,adeF,1
1759,bacA,1
1759,baeR,1
1759,baeS,1
1759,cpxA,1
1759,dfrA5,0
1759,emrA,1
1759,emrB,1
1759,emrE,1
1759,emrK,1
1759,emrR,1
1759,emrY,1
1759,eptA,1
1759,evgA,1
1759,evgS,1
1759,floR,0
1759,gadW,0
1759,gadX,1
1759,gyrA,0
1759,kdpE,1
1759,marA,1
1759,marR,1
1759,mdfA,1
1759,mdtA,1
1759,mdtB,1
1759,mdtC,1
1759,mdtE,1
1759,mdtF,1
1759,mdtG,1
1759,mdtH,1
1759,mdtM,1
1759,mdtN,1
1759,mdtO,1
1759,mdtP,1
1759,msbA,1
1759,nfsA,1
1759,parC,0
1759,rpoB,0
1759,soxR,1
1759,soxS,1
1759,sul2,0
1759,tet(B),0
1759,tet(D),0
1759,tetR,0
1759,ugd,1
1759,vgaC,0
1036,ANT(4')-IIb,1
1036,APH(3'')-Ib,0
1036,AcrE,1
1036,AcrF,1
1036,AcrS,1
1036,BUT-1,1
1036,CARB-18,0
1036,CARB-20,0
1036,CARB-21,1
1036,CARB-22,0
1036,CRP,1
1036,GlpT,1
1036,H-NS,1
1036,ICR-Mc,0
1036,OCH-7,0
1036,PmrF,1
1036,TolC,1
1036,YojI,1
1036,acrA,1
1036,acrB,1
1036,acrD,0
1036,acrR,1
1036,adeF,1
1036,bacA,1
1036,baeR,1
1036,baeS,1
1036,cpxA,1
1036,dfrA5,0
1036,emrA,1
1036,emrB,1
1036,emrE,1
1036,emrK,1
1036,emrR,1
1036,emrY,1
1036,eptA,1
1036,evgA,1
1036,evgS,1
1036,floR,0
1036,gadW,0
1036,gadX,1
1036,gyrA,0
1036,kdpE,1
1036,marA,1
1036,marR,1
1036,mdfA,1
1036,mdtA,1
1036,mdtB,1
1036,mdtC,1
1036,mdtE,1
1036,mdtF,1
1036,mdtG,1
1036,mdtH,1
1036,mdtM,1
1036,mdtN,1
1036,mdtO,1
1036,mdtP,1
1036,msbA,1
1036,nfsA,1
1036,parC,0
1036,rpoB,0
1036,soxR,1
1036,soxS,1
1036,sul2,0
1036,tet(B),0
1036,tet(D),0
1036,tetR,0
1036,ugd,1
1036,vgaC,0
1751,ANT(4')-IIb,1
1751,APH(3'')-Ib,0
1751,AcrE,1
1751,AcrF,1
1751,AcrS,1
1751,BUT-1,1
1751,CARB-18,1
1751,CARB-20,0
1751,CARB-21,0
1751,CARB-22,0
1751,CRP,1
1751,GlpT,1
1751,H-NS,1
1751,ICR-Mc,0
1751,OCH-7,0
1751,PmrF,1
1751,TolC,1
1751,YojI,1
1751,acrA,1
1751,acrB,1
1751,acrD,0
1751,acrR,1
1751,adeF,1
1751,bacA,1
1751,baeR,1
1751,baeS,1
1751,cpxA,1
1751,dfrA5,0
1751,emrA,1
1751,emrB,1
1751,emrE,1
1751,emrK,1
1751,emrR,1
1751,emrY,1
1751,eptA,1
1751,evgA,1
1751,evgS,1
1751,floR,0
1751,gadW,0
1751,gadX,1
1751,gyrA,0
1751,kdpE,1
1751,marA,1
1751,marR,1
1751,mdfA,1
1751,mdtA,1
1751,mdtB,1
1751,mdtC,1
1751,mdtE,1
1751,mdtF,1
1751,mdtG,1
1751,mdtH,1
1751,mdtM,1
1751,mdtN,1
1751,mdtO,1
1751,mdtP,1
1751,msbA,1
1751,nfsA,1
1751,parC,0
1751,rpoB,0
1751,soxR,1
1751,soxS,1
1751,sul2,0
1751,tet(B),0
1751,tet(D),0
1751,tetR,0
1751,ugd,1
1751,vgaC,0
1476,ANT(4')-IIb,1
1476,APH(3'')-Ib,0
1476,AcrE,1
1476,AcrF,1
1476,AcrS,1
1476,BUT-1,1
1476,CARB-18,0
1476,CARB-20,0
1476,CARB-21,0
1476,CARB-22,0
1476,CRP,1
1476,GlpT,1
1476,H-NS,1
1476,ICR-Mc,0
1476,OCH-7,0
1476,PmrF,1
1476,TolC,1
1476,YojI,1
1476,acrA,1
1476,acrB,1
1476,acrD,0
1476,acrR,1
1476,adeF,1
1476,bacA,1
1476,baeR,1
1476,baeS,1
1476,cpxA,1
1476,dfrA5,0
1476,emrA,1
1476,emrB,1
1476,emrE,1
1476,emrK,1
1476,emrR,1
1476,emrY,1
1476,eptA,1
1476,evgA,1
1476,evgS,1
1476,floR,0
1476,gadW,0
1476,gadX,1
1476,gyrA,0
1476,kdpE,1
1476,marA,1
1476,marR,1
1476,mdfA,1
1476,mdtA,1
1476,mdtB,1
1476,mdtC,1
1476,mdtE,1
1476,mdtF,1
1476,mdtG,1
1476,mdtH,1
1476,mdtM,1
1476,mdtN,1
1476,mdtO,1
1476,mdtP,1
1476,msbA,1
1476,nfsA,1
1476,parC,0
1476,rpoB,0
1476,soxR,1
1476,soxS,1
1476,sul2,0
1476,tet(B),0
1476,tet(D),0
1476,tetR,0
1476,ugd,1
1476,vgaC,0
1033,ANT(4')-IIb,1
1033,APH(3'')-Ib,0
1033,AcrE,1
1033,AcrF,1
1033,AcrS,1
1033,BUT-1,1
1033,CARB-18,0
1033,CARB-20,0
1033,CARB-21,1
1033,CARB-22,0
1033,CRP,1
1033,GlpT,1
1033,H-NS,1
1033,ICR-Mc,0
1033,OCH-7,0
1033,PmrF,1
1033,TolC,1
1033,YojI,1
1033,acrA,1
1033,acrB,1
1033,acrD,0
1033,acrR,1
1033,adeF,1
1033,bacA,1
1033,baeR,1
1033,baeS,1
1033,cpxA,1
1033,dfrA5,0
1033,emrA,1
1033,emrB,1
1033,emrE,1
1033,emrK,1
1033,emrR,1
1033,emrY,1
1033,eptA,1
1033,evgA,1
1033,evgS,1
1033,floR,0
1033,gadW,0
1033,gadX,1
1033,gyrA,0
1033,kdpE,1
1033,marA,1
1033,marR,1
1033,mdfA,1
1033,mdtA,1
1033,mdtB,1
1033,mdtC,1
1033,mdtE,1
1033,mdtF,1
1033,mdtG,1
1033,mdtH,1
1033,mdtM,1
1033,mdtN,1
1033,mdtO,1
1033,mdtP,1
1033,msbA,1
1033,nfsA,1
1033,parC,0
1033,rpoB,0
1033,soxR,1
1033,soxS,1
1033,sul2,0
1033,tet(B),0
1033,tet(D),0
1033,tetR,0
1033,ugd,1
1033,vgaC,0
1294,ANT(4')-IIb,1
1294,APH(3'')-Ib,0
1294,AcrE,1
1294,AcrF,1
1294,AcrS,1
1294,BUT-1,1
1294,CARB-18,0
1294,CARB-20,0
1294,CARB-21,0
1294,CARB-22,0
1294,CRP,1
1294,GlpT,1
1294,H-NS,1
1294,ICR-Mc,0
1294,OCH-7,0
1294,PmrF,1
1294,TolC,1
1294,YojI,1
1294,acrA,1
1294,acrB,1
1294,acrD,0
1294,acrR,1
1294,adeF,1
1294,bacA,1
1294,baeR,1
1294,baeS,1
1294,cpxA,1
1294,dfrA5,0
1294,emrA,1
1294,emrB,1
1294,emrE,1
1294,emrK,1
1294,emrR,1
1294,emrY,1
1294,eptA,1
1294,evgA,1
1294,evgS,1
1294,floR,0
1294,gadW,0
1294,gadX,1
1294,gyrA,0
1294,kdpE,1
1294,marA,1
1294,marR,1
1294,mdfA,1
1294,mdtA,1
1294,mdtB,1
1294,mdtC,1
1294,mdtE,1
1294,mdtF,1
1294,mdtG,1
1294,mdtH,1
1294,mdtM,1
1294,mdtN,1
1294,mdtO,1
1294,mdtP,1
1294,msbA,1
1294,nfsA,1
1294,parC,0
1294,rpoB,0
1294,soxR,1
1294,soxS,1
1294,sul2,0
1294,tet(B),0
1294,tet(D),0
1294,tetR,0
1294,ugd,1
1294,vgaC,0
1058,ANT(4')-IIb,1
1058,APH(3'')-Ib,0
1058,AcrE,1
1058,AcrF,1
1058,AcrS,1
1058,BUT-1,1
1058,CARB-18,0
1058,CARB-20,0
1058,CARB-21,0
1058,CARB-22,0
1058,CRP,1
1058,GlpT,1
1058,H-NS,1
1058,ICR-Mc,0
1058,OCH-7,0
1058,PmrF,1
1058,TolC,1
1058,YojI,1
1058,acrA,1
1058,acrB,1
1058,acrD,0
1058,acrR,1
1058,adeF,1
1058,bacA,1
1058,baeR,1
1058,baeS,1
1058,cpxA,1
1058,dfrA5,0
1058,emrA,1
1058,emrB,1
1058,emrE,1
1058,emrK,1
1058,emrR,1
1058,emrY,1
1058,eptA,1
1058,evgA,1
1058,evgS,1
1058,floR,0
1058,gadW,0
1058,gadX,1
1058,gyrA,0
1058,kdpE,1
1058,marA,1
1058,marR,1
1058,mdfA,1
1058,mdtA,1
1058,mdtB,1
1058,mdtC,1
1058,mdtE,1
1058,mdtF,1
1058,mdtG,1
1058,mdtH,1
1058,mdtM,1
1058,mdtN,1
1058,mdtO,1
1058,mdtP,1
1058,msbA,1
1058,nfsA,1
1058,parC,0
1058,rpoB,0
1058,soxR,1
1058,soxS,1
1058,sul2,0
1058,tet(B),0
1058,tet(D),0
1058,tetR,0
1058,ugd,1
1058,vgaC,0
1803,ANT(4')-IIb,1
1803,APH(3'')-Ib,0
1803,AcrE,1
1803,AcrF,1
1803,AcrS,1
1803,BUT-1,1
1803,CARB-18,0
1803,CARB-20,0
1803,CARB-21,0
1803,CARB-22,0
1803,CRP,1
1803,GlpT,1
1803,H-NS,1
1803,ICR-Mc,0
1803,OCH-7,0
1803,PmrF,1
1803,TolC,1
1803,YojI,1
1803,acrA,1
1803,acrB,1
1803,acrD,0
1803,acrR,1
1803,adeF,1
1803,bacA,1
1803,baeR,1
1803,baeS,1
1803,cpxA,1
1803,dfrA5,0
1803,emrA,1
1803,emrB,1
1803,emrE,1
1803,emrK,1
1803,emrR,1
1803,emrY,1
1803,eptA,1
1803,evgA,1
1803,evgS,1
1803,floR,0
1803,gadW,0
1803,gadX,1
1803,gyrA,0
1803,kdpE,1
1803,marA,1
1803,marR,1
1803,mdfA,1
1803,mdtA,1
1803,mdtB,1
1803,mdtC,1
1803,mdtE,1
1803,mdtF,1
1803,mdtG,1
1803,mdtH,1
1803,mdtM,1
1803,mdtN,1
1803,mdtO,1
1803,mdtP,1
1803,msbA,1
1803,nfsA,1
1803,parC,0
1803,rpoB,0
1803,soxR,1
1803,soxS,1
1803,sul2,0
1803,tet(B),0
1803,tet(D),0
1803,tetR,0
1803,ugd,1
1803,vgaC,0
1239,ANT(4')-IIb,1
1239,APH(3'')-Ib,0
1239,AcrE,1
1239,AcrF,1
1239,AcrS,1
1239,BUT-1,1
1239,CARB-18,0
1239,CARB-20,0
1239,CARB-21,1
1239,CARB-22,0
1239,CRP,1
1239,GlpT,1
1239,H-NS,1
1239,ICR-Mc,0
1239,OCH-7,0
1239,PmrF,1
1239,TolC,1
1239,YojI,1
1239,acrA,1
1239,acrB,1
1239,acrD,0
1239,acrR,1
1239,adeF,1
1239,bacA,1
1239,baeR,1
1239,baeS,1
1239,cpxA,1
1239,dfrA5,0
1239,emrA,1
1239,emrB,1
1239,emrE,1
1239,emrK,1
1239,emrR,1
1239,emrY,1
1239,eptA,1
1239,evgA,1
1239,evgS,1
1239,floR,0
1239,gadW,0
1239,gadX,1
1239,gyrA,0
1239,kdpE,1
1239,marA,1
1239,marR,1
1239,mdfA,1
1239,mdtA,1
1239,mdtB,1
1239,mdtC,1
1239,mdtE,1
1239,mdtF,1
1239,mdtG,1
1239,mdtH,1
1239,mdtM,1
1239,mdtN,1
1239,mdtO,1
1239,mdtP,1
1239,msbA,1
1239,nfsA,1
1239,parC,0
1239,rpoB,0
1239,soxR,1
1239,soxS,1
1239,sul2,0
1239,tet(B),0
1239,tet(D),0
1239,tetR,0
1239,ugd,1
1239,vgaC,0
1752,ANT(4')-IIb,1
1752,APH(3'')-Ib,0
1752,AcrE,1
1752,AcrF,1
1752,AcrS,1
1752,BUT-1,1
1752,CARB-18,0
1752,CARB-20,0
1752,CARB-21,0
1752,CARB-22,1
1752,CRP,1
1752,GlpT,1
1752,H-NS,1
1752,ICR-Mc,0
1752,OCH-7,0
1752,PmrF,1
1752,TolC,1
1752,YojI,1
1752,acrA,1
1752,acrB,1
1752,acrD,0
1752,acrR,1
1752,adeF,1
1752,bacA,1
1752,baeR,1
1752,baeS,1
1752,cpxA,1
1752,dfrA5,0
1752,emrA,1
1752,emrB,1
1752,emrE,1
1752,emrK,1
1752,emrR,1
1752,emrY,1
1752,eptA,1
1752,evgA,1
1752,evgS,1
1752,floR,0
1752,gadW,0
1752,gadX,1
1752,gyrA,0
1752,kdpE,1
1752,marA,1
1752,marR,1
1752,mdfA,1
1752,mdtA,1
1752,mdtB,1
1752,mdtC,1
1752,mdtE,1
1752,mdtF,1
1752,mdtG,1
1752,mdtH,1
1752,mdtM,1
1752,mdtN,1
1752,mdtO,1
1752,mdtP,1
1752,msbA,1
1752,nfsA,1
1752,parC,0
1752,rpoB,0
1752,soxR,1
1752,soxS,1
1752,sul2,0
1752,tet(B),0
1752,tet(D),0
1752,tetR,0
1752,ugd,1
1752,vgaC,0
1704,ANT(4')-IIb,1
1704,APH(3'')-Ib,0
1704,AcrE,1
1704,AcrF,1
1704,AcrS,1
1704,BUT-1,1
1704,CARB-18,0
1704,CARB-20,0
1704,CARB-21,1
1704,CARB-22,0
1704,CRP,1
1704,GlpT,1
1704,H-NS,1
1704,ICR-Mc,0
1704,OCH-7,0
1704,PmrF,1
1704,TolC,1
1704,YojI,1
1704,acrA,1
1704,acrB,1
1704,acrD,0
1704,acrR,1
1704,adeF,1
1704,bacA,1
1704,baeR,1
1704,baeS,1
1704,cpxA,1
1704,dfrA5,0
1704,emrA,1
1704,emrB,1
1704,emrE,1
1704,emrK,1
1704,emrR,1
1704,emrY,1
1704,eptA,1
1704,evgA,1
1704,evgS,1
1704,floR,0
1704,gadW,0
1704,gadX,1
1704,gyrA,0
1704,kdpE,1
1704,marA,1
1704,marR,1
1704,mdfA,1
1704,mdtA,1
1704,mdtB,1
1704,mdtC,1
1704,mdtE,1
1704,mdtF,1
1704,mdtG,1
1704,mdtH,1
1704,mdtM,1
1704,mdtN,1
1704,mdtO,1
1704,mdtP,1
1704,msbA,1
1704,nfsA,1
1704,parC,0
1704,rpoB,0
1704,soxR,1
1704,soxS,1
1704,sul2,0
1704,tet(B),0
1704,tet(D),0
1704,tetR,0
1704,ugd,1
1704,vgaC,0
1145,ANT(4')-IIb,1
1145,APH(3'')-Ib,0
1145,AcrE,1
1145,AcrF,1
1145,AcrS,1
1145,BUT-1,1
1145,CARB-18,0
1145,CARB-20,0
1145,CARB-21,0
1145,CARB-22,0
1145,CRP,1
1145,GlpT,1
1145,H-NS,1
1145,ICR-Mc,0
1145,OCH-7,0
1145,PmrF,1
1145,TolC,1
1145,YojI,1
1145,acrA,1
1145,acrB,1
1145,acrD,0
1145,acrR,1
1145,adeF,1
1145,bacA,1
1145,baeR,1
1145,baeS,1
1145,cpxA,1
1145,dfrA5,0
1145,emrA,1
1145,emrB,1
1145,emrE,1
1145,emrK,1
1145,emrR,1
1145,emrY,1
1145,eptA,1
1145,evgA,1
1145,evgS,1
1145,floR,0
1145,gadW,0
1145,gadX,1
1145,gyrA,0
1145,kdpE,1
1145,marA,1
1145,marR,1
1145,mdfA,1
1145,mdtA,1
1145,mdtB,1
1145,mdtC,1
1145,mdtE,1
1145,mdtF,1
1145,mdtG,1
1145,mdtH,1
1145,mdtM,1
1145,mdtN,1
1145,mdtO,1
1145,mdtP,1
1145,msbA,1
1145,nfsA,1
1145,parC,0
1145,rpoB,0
1145,soxR,1
1145,soxS,1
1145,sul2,0
1145,tet(B),0
1145,tet(D),0
1145,tetR,0
1145,ugd,1
1145,vgaC,0
1309,ANT(4')-IIb,1
1309,APH(3'')-Ib,0
1309,AcrE,1
1309,AcrF,1
1309,AcrS,1
1309,BUT-1,1
1309,CARB-18,0
1309,CARB-20,0
1309,CARB-21,1
1309,CARB-22,0
1309,CRP,1
1309,GlpT,1
1309,H-NS,1
1309,ICR-Mc,0
1309,OCH-7,0
1309,PmrF,1
1309,TolC,1
1309,YojI,1
1309,acrA,1
1309,acrB,1
1309,acrD,0
1309,acrR,1
1309,adeF,1
1309,bacA,1
1309,baeR,1
1309,baeS,1
1309,cpxA,1
1309,dfrA5,0
1309,emrA,1
1309,emrB,1
1309,emrE,1
1309,emrK,1
1309,emrR,1
1309,emrY,1
1309,eptA,1
1309,evgA,1
1309,evgS,1
1309,floR,0
1309,gadW,0
1309,gadX,1
1309,gyrA,0
1309,kdpE,1
1309,marA,1
1309,marR,1
1309,mdfA,1
1309,mdtA,1
1309,mdtB,1
1309,mdtC,1
1309,mdtE,1
1309,mdtF,1
1309,mdtG,1
1309,mdtH,1
1309,mdtM,1
1309,mdtN,1
1309,mdtO,1
1309,mdtP,1
1309,msbA,1
1309,nfsA,1
1309,parC,0
1309,rpoB,0
1309,soxR,1
1309,soxS,1
1309,sul2,0
1309,tet(B),0
1309,tet(D),0
1309,tetR,0
1309,ugd,1
1309,vgaC,0
1785,ANT(4')-IIb,1
1785,APH(3'')-Ib,0
1785,AcrE,1
1785,AcrF,1
1785,AcrS,1
1785,BUT-1,1
1785,CARB-18,0
1785,CARB-20,0
1785,CARB-21,0
1785,CARB-22,0
1785,CRP,1
1785,GlpT,1
1785,H-NS,1
1785,ICR-Mc,0
1785,OCH-7,0
1785,PmrF,1
1785,TolC,1
1785,YojI,1
1785,acrA,1
1785,acrB,1
1785,acrD,0
1785,acrR,1
1785,adeF,1
1785,bacA,1
1785,baeR,1
1785,baeS,1
1785,cpxA,1
1785,dfrA5,0
1785,emrA,1
1785,emrB,1
1785,emrE,1
1785,emrK,1
1785,emrR,1
1785,emrY,1
1785,eptA,1
1785,evgA,1
1785,evgS,1
1785,floR,0
1785,gadW,0
1785,gadX,1
1785,gyrA,0
1785,kdpE,1
1785,marA,1
1785,marR,1
1785,mdfA,1
1785,mdtA,1
1785,mdtB,1
1785,mdtC,1
1785,mdtE,1
1785,mdtF,1
1785,mdtG,1
1785,mdtH,1
1785,mdtM,1
1785,mdtN,1
1785,mdtO,1
1785,mdtP,1
1785,msbA,1
1785,nfsA,1
1785,parC,0
1785,rpoB,0
1785,soxR,1
1785,soxS,1
1785,sul2,0
1785,tet(B),0
1785,tet(D),0
1785,tetR,0
1785,ugd,1
1785,vgaC,0
1293,ANT(4')-IIb,1
1293,APH(3'')-Ib,0
1293,AcrE,1
1293,AcrF,1
1293,AcrS,1
1293,BUT-1,1
1293,CARB-18,1
1293,CARB-20,0
1293,CARB-21,0
1293,CARB-22,0
1293,CRP,1
1293,GlpT,1
1293,H-NS,1
1293,ICR-Mc,0
1293,OCH-7,0
1293,PmrF,1
1293,TolC,1
1293,YojI,1
1293,acrA,1
1293,acrB,1
1293,acrD,0
1293,acrR,1
1293,adeF,1
1293,bacA,1
1293,baeR,1
1293,baeS,1
1293,cpxA,1
1293,dfrA5,0
1293,emrA,1
1293,emrB,1
1293,emrE,1
1293,emrK,1
1293,emrR,1
1293,emrY,1
1293,eptA,1
1293,evgA,1
1293,evgS,1
1293,floR,0
1293,gadW,0
1293,gadX,1
1293,gyrA,0
1293,kdpE,1
1293,marA,1
1293,marR,1
1293,mdfA,1
1293,mdtA,1
1293,mdtB,1
1293,mdtC,1
1293,mdtE,1
1293,mdtF,1
1293,mdtG,1
1293,mdtH,1
1293,mdtM,1
1293,mdtN,1
1293,mdtO,1
1293,mdtP,1
1293,msbA,1
1293,nfsA,1
1293,parC,0
1293,rpoB,0
1293,soxR,1
1293,soxS,1
1293,sul2,0
1293,tet(B),0
1293,tet(D),0
1293,tetR,0
1293,ugd,1
1293,vgaC,0
1595,ANT(4')-IIb,1
1595,APH(3'')-Ib,0
1595,AcrE,1
1595,AcrF,1
1595,AcrS,1
1595,BUT-1,1
1595,CARB-18,0
1595,CARB-20,0
1595,CARB-21,0
1595,CARB-22,0
1595,CRP,1
1595,GlpT,1
1595,H-NS,1
1595,ICR-Mc,0
1595,OCH-7,0
1595,PmrF,1
1595,TolC,1
1595,YojI,1
1595,acrA,1
1595,acrB,1
1595,acrD,0
1595,acrR,1
1595,adeF,1
1595,bacA,1
1595,baeR,1
1595,baeS,1
1595,cpxA,1
1595,dfrA5,0
1595,emrA,1
1595,emrB,1
1595,emrE,1
1595,emrK,1
1595,emrR,1
1595,emrY,1
1595,eptA,1
1595,evgA,1
1595,evgS,1
1595,floR,0
1595,gadW,0
1595,gadX,1
1595,gyrA,0
1595,kdpE,1
1595,marA,1
1595,marR,1
1595,mdfA,1
1595,mdtA,1
1595,mdtB,1
1595,mdtC,1
1595,mdtE,1
1595,mdtF,1
1595,mdtG,1
1595,mdtH,1
1595,mdtM,1
1595,mdtN,1
1595,mdtO,1
1595,mdtP,1
1595,msbA,1
1595,nfsA,1
1595,parC,0
1595,rpoB,0
1595,soxR,1
1595,soxS,1
1595,sul2,0
1595,tet(B),0
1595,tet(D),0
1595,tetR,0
1595,ugd,1
1595,vgaC,0
1350,ANT(4')-IIb,1
1350,APH(3'')-Ib,0
1350,AcrE,1
1350,AcrF,1
1350,AcrS,1
1350,BUT-1,1
1350,CARB-18,0
1350,CARB-20,0
1350,CARB-21,0
1350,CARB-22,0
1350,CRP,1
1350,GlpT,1
1350,H-NS,1
1350,ICR-Mc,0
1350,OCH-7,0
1350,PmrF,1
1350,TolC,1
1350,YojI,1
1350,acrA,1
1350,acrB,1
1350,acrD,0
1350,acrR,1
1350,adeF,1
1350,bacA,1
1350,baeR,1
1350,baeS,1
1350,cpxA,1
1350,dfrA5,0
1350,emrA,1
1350,emrB,1
1350,emrE,1
1350,emrK,1
1350,emrR,1
1350,emrY,1
1350,eptA,1
1350,evgA,1
1350,evgS,1
1350,floR,0
1350,gadW,0
1350,gadX,1
1350,gyrA,0
1350,kdpE,1
1350,marA,1
1350,marR,1
1350,mdfA,1
1350,mdtA,1
1350,mdtB,1
1350,mdtC,1
1350,mdtE,1
1350,mdtF,1
1350,mdtG,1
1350,mdtH,1
1350,mdtM,1
1350,mdtN,1
1350,mdtO,1
1350,mdtP,1
1350,msbA,1
1350,nfsA,1
1350,parC,0
1350,rpoB,0
1350,soxR,1
1350,soxS,1
1350,sul2,0
1350,tet(B),0
1350,tet(D),0
1350,tetR,0
1350,ugd,1
1350,vgaC,0
1166,ANT(4')-IIb,1
1166,APH(3'')-Ib,0
1166,AcrE,1
1166,AcrF,1
1166,AcrS,1
1166,BUT-1,1
1166,CARB-18,0
1166,CARB-20,0
1166,CARB-21,1
1166,CARB-22,0
1166,CRP,1
1166,GlpT,1
1166,H-NS,1
1166,ICR-Mc,0
1166,OCH-7,0
1166,PmrF,1
1166,TolC,1
1166,YojI,1
1166,acrA,1
1166,acrB,1
1166,acrD,0
1166,acrR,1
1166,adeF,1
1166,bacA,1
1166,baeR,1
1166,baeS,1
1166,cpxA,1
1166,dfrA5,0
1166,emrA,1
1166,emrB,1
1166,emrE,1
1166,emrK,1
1166,emrR,1
1166,emrY,1
1166,eptA,1
1166,evgA,1
1166,evgS,1
1166,floR,0
1166,gadW,0
1166,gadX,1
1166,gyrA,0
1166,kdpE,1
1166,marA,1
1166,marR,1
1166,mdfA,1
1166,mdtA,1
1166,mdtB,1
1166,mdtC,1
1166,mdtE,1
1166,mdtF,1
1166,mdtG,1
1166,mdtH,1
1166,mdtM,1
1166,mdtN,1
1166,mdtO,1
1166,mdtP,1
1166,msbA,1
1166,nfsA,1
1166,parC,0
1166,rpoB,0
1166,soxR,1
1166,soxS,1
1166,sul2,0
1166,tet(B),0
1166,tet(D),0
1166,tetR,0
1166,ugd,1
1166,vgaC,0
1831,ANT(4')-IIb,1
1831,APH(3'')-Ib,0
1831,AcrE,1
1831,AcrF,1
1831,AcrS,1
1831,BUT-1,1
1831,CARB-18,0
1831,CARB-20,0
1831,CARB-21,0
1831,CARB-22,0
1831,CRP,1
1831,GlpT,1
1831,H-NS,1
1831,ICR-Mc,0
1831,OCH-7,0
1831,PmrF,1
1831,TolC,1
1831,YojI,1
1831,acrA,1
1831,acrB,1
1831,acrD,0
1831,acrR,1
1831,adeF,1
1831,bacA,1
1831,baeR,1
1831,baeS,1
1831,cpxA,1
1831,dfrA5,0
1831,emrA,1
1831,emrB,1
1831,emrE,1
1831,emrK,1
1831,emrR,1
1831,emrY,1
1831,eptA,1
1831,evgA,1
1831,evgS,1
1831,floR,0
1831,gadW,0
1831,gadX,1
1831,gyrA,0
1831,kdpE,1
1831,marA,1
1831,marR,1
1831,mdfA,1
1831,mdtA,1
1831,mdtB,1
1831,mdtC,1
1831,mdtE,1
1831,mdtF,1
1831,mdtG,1
1831,mdtH,1
1831,mdtM,1
1831,mdtN,1
1831,mdtO,1
1831,mdtP,1
1831,msbA,1
1831,nfsA,1
1831,parC,0
1831,rpoB,0
1831,soxR,1
1831,soxS,1
1831,sul2,0
1831,tet(B),0
1831,tet(D),0
1831,tetR,0
1831,ugd,1
1831,vgaC,0
1292,ANT(4')-IIb,1
1292,APH(3'')-Ib,0
1292,AcrE,1
1292,AcrF,1
1292,AcrS,1
1292,BUT-1,1
1292,CARB-18,0
1292,CARB-20,0
1292,CARB-21,0
1292,CARB-22,0
1292,CRP,1
1292,GlpT,1
1292,H-NS,1
1292,ICR-Mc,0
1292,OCH-7,0
1292,PmrF,1
1292,TolC,1
1292,YojI,1
1292,acrA,1
1292,acrB,1
1292,acrD,0
1292,acrR,1
1292,adeF,1
1292,bacA,1
1292,baeR,1
1292,baeS,1
1292,cpxA,1
1292,dfrA5,0
1292,emrA,1
1292,emrB,1
1292,emrE,1
1292,emrK,1
1292,emrR,1
1292,emrY,1
1292,eptA,1
1292,evgA,1
1292,evgS,1
1292,floR,0
1292,gadW,0
1292,gadX,1
1292,gyrA,0
1292,kdpE,1
1292,marA,1
1292,marR,1
1292,mdfA,1
1292,mdtA,1
1292,mdtB,1
1292,mdtC,1
1292,mdtE,1
1292,mdtF,1
1292,mdtG,1
1292,mdtH,1
1292,mdtM,1
1292,mdtN,1
1292,mdtO,1
1292,mdtP,1
1292,msbA,1
1292,nfsA,1
1292,parC,0
1292,rpoB,0
1292,soxR,1
1292,soxS,1
1292,sul2,0
1292,tet(B),0
1292,tet(D),0
1292,tetR,0
1292,ugd,1
1292,vgaC,0
1720,ANT(4')-IIb,1
1720,APH(3'')-Ib,0
1720,AcrE,1
1720,AcrF,1
1720,AcrS,1
1720,BUT-1,1
1720,CARB-18,0
1720,CARB-20,1
1720,CARB-21,0
1720,CARB-22,0
1720,CRP,1
1720,GlpT,1
1720,H-NS,1
1720,ICR-Mc,0
1720,OCH-7,0
1720,PmrF,1
1720,TolC,1
1720,YojI,1
1720,acrA,1
1720,acrB,1
1720,acrD,0
1720,acrR,1
1720,adeF,1
1720,bacA,1
1720,baeR,1
1720,baeS,1
1720,cpxA,1
1720,dfrA5,0
1720,emrA,1
1720,emrB,1
1720,emrE,1
1720,emrK,1
1720,emrR,1
1720,emrY,1
1720,eptA,1
1720,evgA,1
1720,evgS,1
1720,floR,0
1720,gadW,0
1720,gadX,1
1720,gyrA,0
1720,kdpE,1
1720,marA,1
1720,marR,1
1720,mdfA,1
1720,mdtA,1
1720,mdtB,1
1720,mdtC,1
1720,mdtE,1
1720,mdtF,1
1720,mdtG,1
1720,mdtH,1
1720,mdtM,1
1720,mdtN,1
1720,mdtO,1
1720,mdtP,1
1720,msbA,1
1720,nfsA,1
1720,parC,0
1720,rpoB,1
1720,soxR,1
1720,soxS,1
1720,sul2,0
1720,tet(B),0
1720,tet(D),0
1720,tetR,0
1720,ugd,1
1720,vgaC,0
1491,ANT(4')-IIb,1
1491,APH(3'')-Ib,0
1491,AcrE,1
1491,AcrF,1
1491,AcrS,1
1491,BUT-1,1
1491,CARB-18,1
1491,CARB-20,0
1491,CARB-21,0
1491,CARB-22,0
1491,CRP,1
1491,GlpT,1
1491,H-NS,1
1491,ICR-Mc,0
1491,OCH-7,0
1491,PmrF,1
1491,TolC,1
1491,YojI,1
1491,acrA,1
1491,acrB,1
1491,acrD,0
1491,acrR,1
1491,adeF,1
1491,bacA,1
1491,baeR,1
1491,baeS,1
1491,cpxA,1
1491,dfrA5,0
1491,emrA,1
1491,emrB,1
1491,emrE,1
1491,emrK,1
1491,emrR,1
1491,emrY,1
1491,eptA,1
1491,evgA,1
1491,evgS,1
1491,floR,0
1491,gadW,0
1491,gadX,1
1491,gyrA,0
1491,kdpE,1
1491,marA,1
1491,marR,1
1491,mdfA,1
1491,mdtA,1
1491,mdtB,1
1491,mdtC,1
1491,mdtE,1
1491,mdtF,1
1491,mdtG,1
1491,mdtH,1
1491,mdtM,1
1491,mdtN,1
1491,mdtO,1
1491,mdtP,1
1491,msbA,1
1491,nfsA,1
1491,parC,0
1491,rpoB,0
1491,soxR,1
1491,soxS,1
1491,sul2,0
1491,tet(B),0
1491,tet(D),0
1491,tetR,0
1491,ugd,1
1491,vgaC,0
1548,ANT(4')-IIb,1
1548,APH(3'')-Ib,0
1548,AcrE,1
1548,AcrF,1
1548,AcrS,1
1548,BUT-1,1
1548,CARB-18,1
1548,CARB-20,0
1548,CARB-21,0
1548,CARB-22,0
1548,CRP,1
1548,GlpT,1
1548,H-NS,1
1548,ICR-Mc,0
1548,OCH-7,0
1548,PmrF,1
1548,TolC,1
1548,YojI,1
1548,acrA,1
1548,acrB,1
1548,acrD,0
1548,acrR,1
1548,adeF,1
1548,bacA,1
1548,baeR,1
1548,baeS,1
1548,cpxA,1
1548,dfrA5,0
1548,emrA,1
1548,emrB,1
1548,emrE,1
1548,emrK,1
1548,emrR,1
1548,emrY,1
1548,eptA,1
1548,evgA,1
1548,evgS,1
1548,floR,0
1548,gadW,0
1548,gadX,1
1548,gyrA,0
1548,kdpE,1
1548,marA,1
1548,marR,1
1548,mdfA,1
1548,mdtA,1
1548,mdtB,1
1548,mdtC,1
1548,mdtE,1
1548,mdtF,1
1548,mdtG,1
1548,mdtH,1
1548,mdtM,1
1548,mdtN,1
1548,mdtO,1
1548,mdtP,1
1548,msbA,1
1548,nfsA,1
1548,parC,0
1548,rpoB,0
1548,soxR,1
1548,soxS,1
1548,sul2,0
1548,tet(B),0
1548,tet(D),0
1548,tetR,0
1548,ugd,1
1548,vgaC,0
1358,ANT(4')-IIb,1
1358,APH(3'')-Ib,0
1358,AcrE,1
1358,AcrF,1
1358,AcrS,1
1358,BUT-1,1
1358,CARB-18,0
1358,CARB-20,0
1358,CARB-21,0
1358,CARB-22,0
1358,CRP,1
1358,GlpT,1
1358,H-NS,1
1358,ICR-Mc,0
1358,OCH-7,0
1358,PmrF,1
1358,TolC,1
1358,YojI,1
1358,acrA,1
1358,acrB,1
1358,acrD,0
1358,acrR,1
1358,adeF,1
1358,bacA,1
1358,baeR,1
1358,baeS,1
1358,cpxA,1
1358,dfrA5,0
1358,emrA,1
1358,emrB,1
1358,emrE,1
1358,emrK,1
1358,emrR,1
1358,emrY,1
1358,eptA,1
1358,evgA,1
1358,evgS,1
1358,floR,0
1358,gadW,0
1358,gadX,1
1358,gyrA,0
1358,kdpE,1
1358,marA,1
1358,marR,1
1358,mdfA,1
1358,mdtA,1
1358,mdtB,1
1358,mdtC,1
1358,mdtE,1
1358,mdtF,1
1358,mdtG,1
1358,mdtH,1
1358,mdtM,1
1358,mdtN,1
1358,mdtO,1
1358,mdtP,1
1358,msbA,1
1358,nfsA,1
1358,parC,0
1358,rpoB,0
1358,soxR,1
1358,soxS,1
1358,sul2,0
1358,tet(B),0
1358,tet(D),0
1358,tetR,0
1358,ugd,1
1358,vgaC,0
1419,ANT(4')-IIb,1
1419,APH(3'')-Ib,0
1419,AcrE,1
1419,AcrF,1
1419,AcrS,1
1419,BUT-1,1
1419,CARB-18,0
1419,CARB-20,0
1419,CARB-21,1
1419,CARB-22,0
1419,CRP,1
1419,GlpT,1
1419,H-NS,1
1419,ICR-Mc,0
1419,OCH-7,0
1419,PmrF,1
1419,TolC,1
1419,YojI,1
1419,acrA,1
1419,acrB,1
1419,acrD,0
1419,acrR,1
1419,adeF,1
1419,bacA,1
1419,baeR,1
1419,baeS,1
1419,cpxA,1
1419,dfrA5,0
1419,emrA,1
1419,emrB,1
1419,emrE,1
1419,emrK,1
1419,emrR,1
1419,emrY,1
1419,eptA,1
1419,evgA,1
1419,evgS,1
1419,floR,0
1419,gadW,0
1419,gadX,1
1419,gyrA,0
1419,kdpE,1
1419,marA,1
1419,marR,1
1419,mdfA,1
1419,mdtA,1
1419,mdtB,1
1419,mdtC,1
1419,mdtE,1
1419,mdtF,1
1419,mdtG,1
1419,mdtH,1
1419,mdtM,1
1419,mdtN,1
1419,mdtO,1
1419,mdtP,1
1419,msbA,1
1419,nfsA,1
1419,parC,0
1419,rpoB,0
1419,soxR,1
1419,soxS,1
1419,sul2,0
1419,tet(B),0
1419,tet(D),0
1419,tetR,0
1419,ugd,1
1419,vgaC,0
1217,ANT(4')-IIb,1
1217,APH(3'')-Ib,0
1217,AcrE,1
1217,AcrF,1
1217,AcrS,1
1217,BUT-1,1
1217,CARB-18,0
1217,CARB-20,0
1217,CARB-21,1
1217,CARB-22,0
1217,CRP,1
1217,GlpT,1
1217,H-NS,1
1217,ICR-Mc,0
1217,OCH-7,0
1217,PmrF,1
1217,TolC,1
1217,YojI,1
1217,acrA,1
1217,acrB,1
1217,acrD,0
1217,acrR,1
1217,adeF,1
1217,bacA,1
1217,baeR,1
1217,baeS,1
1217,cpxA,1
1217,dfrA5,0
1217,emrA,1
1217,emrB,1
1217,emrE,1
1217,emrK,1
1217,emrR,1
1217,emrY,1
1217,eptA,1
1217,evgA,1
1217,evgS,1
1217,floR,0
1217,gadW,0
1217,gadX,1
1217,gyrA,0
1217,kdpE,1
1217,marA,1
1217,marR,1
1217,mdfA,1
1217,mdtA,1
1217,mdtB,1
1217,mdtC,1
1217,mdtE,1
1217,mdtF,1
1217,mdtG,1
1217,mdtH,1
1217,mdtM,1
1217,mdtN,1
1217,mdtO,1
1217,mdtP,1
1217,msbA,1
1217,nfsA,1
1217,parC,0
1217,rpoB,0
1217,soxR,1
1217,soxS,1
1217,sul2,0
1217,tet(B),0
1217,tet(D),0
1217,tetR,0
1217,ugd,1
1217,vgaC,0
1572,ANT(4')-IIb,1
1572,APH(3'')-Ib,0
1572,AcrE,1
1572,AcrF,1
1572,AcrS,1
1572,BUT-1,1
1572,CARB-18,0
1572,CARB-20,0
1572,CARB-21,0
1572,CARB-22,0
1572,CRP,1
1572,GlpT,1
1572,H-NS,1
1572,ICR-Mc,0
1572,OCH-7,0
1572,PmrF,1
1572,TolC,1
1572,YojI,1
1572,acrA,1
1572,acrB,1
1572,acrD,0
1572,acrR,1
1572,adeF,1
1572,bacA,1
1572,baeR,1
1572,baeS,1
1572,cpxA,1
1572,dfrA5,0
1572,emrA,1
1572,emrB,1
1572,emrE,1
1572,emrK,1
1572,emrR,1
1572,emrY,1
1572,eptA,1
1572,evgA,1
1572,evgS,1
1572,floR,0
1572,gadW,0
1572,gadX,1
1572,gyrA,0
1572,kdpE,1
1572,marA,1
1572,marR,1
1572,mdfA,1
1572,mdtA,1
1572,mdtB,1
1572,mdtC,1
1572,mdtE,1
1572,mdtF,1
1572,mdtG,1
1572,mdtH,1
1572,mdtM,1
1572,mdtN,1
1572,mdtO,1
1572,mdtP,1
1572,msbA,1
1572,nfsA,1
1572,parC,0
1572,rpoB,0
1572,soxR,1
1572,soxS,1
1572,sul2,0
1572,tet(B),0
1572,tet(D),0
1572,tetR,0
1572,ugd,1
1572,vgaC,0
1632,ANT(4')-IIb,1
1632,APH(3'')-Ib,0
1632,AcrE,1
1632,AcrF,1
1632,AcrS,1
1632,BUT-1,1
1632,CARB-18,0
1632,CARB-20,0
1632,CARB-21,0
1632,CARB-22,0
1632,CRP,1
1632,GlpT,1
1632,H-NS,1
1632,ICR-Mc,0
1632,OCH-7,0
1632,PmrF,1
1632,TolC,1
1632,YojI,1
1632,acrA,1
1632,acrB,1
1632,acrD,0
1632,acrR,1
1632,adeF,1
1632,bacA,1
1632,baeR,1
1632,baeS,1
1632,cpxA,1
1632,dfrA5,0
1632,emrA,1
1632,emrB,1
1632,emrE,1
1632,emrK,1
1632,emrR,1
1632,emrY,1
1632,eptA,1
1632,evgA,1
1632,evgS,1
1632,floR,0
1632,gadW,0
1632,gadX,1
1632,gyrA,0
1632,kdpE,1
1632,marA,1
1632,marR,1
1632,mdfA,1
1632,mdtA,1
1632,mdtB,1
1632,mdtC,1
1632,mdtE,1
1632,mdtF,1
1632,mdtG,1
1632,mdtH,1
1632,mdtM,1
1632,mdtN,1
1632,mdtO,1
1632,mdtP,1
1632,msbA,1
1632,nfsA,1
1632,parC,0
1632,rpoB,1
1632,soxR,1
1632,soxS,1
1632,sul2,0
1632,tet(B),0
1632,tet(D),0
1632,tetR,0
1632,ugd,1
1632,vgaC,0
1077,ANT(4')-IIb,1
1077,APH(3'')-Ib,0
1077,AcrE,1
1077,AcrF,1
1077,AcrS,1
1077,BUT-1,1
1077,CARB-18,0
1077,CARB-20,0
1077,CARB-21,1
1077,CARB-22,0
1077,CRP,1
1077,GlpT,1
1077,H-NS,1
1077,ICR-Mc,0
1077,OCH-7,0
1077,PmrF,1
1077,TolC,1
1077,YojI,1
1077,acrA,1
1077,acrB,1
1077,acrD,0
1077,acrR,1
1077,adeF,1
1077,bacA,1
1077,baeR,1
1077,baeS,1
1077,cpxA,1
1077,dfrA5,0
1077,emrA,1
1077,emrB,1
1077,emrE,1
1077,emrK,1
1077,emrR,1
1077,emrY,1
1077,eptA,1
1077,evgA,1
1077,evgS,1
1077,floR,0
1077,gadW,0
1077,gadX,1
1077,gyrA,0
1077,kdpE,1
1077,marA,1
1077,marR,1
1077,mdfA,1
1077,mdtA,1
1077,mdtB,1
1077,mdtC,1
1077,mdtE,1
1077,mdtF,1
1077,mdtG,1
1077,mdtH,1
1077,mdtM,1
1077,mdtN,1
1077,mdtO,1
1077,mdtP,1
1077,msbA,1
1077,nfsA,1
1077,parC,0
1077,rpoB,0
1077,soxR,1
1077,soxS,1
1077,sul2,0
1077,tet(B),0
1077,tet(D),0
1077,tetR,0
1077,ugd,1
1077,vgaC,0
1020,ANT(4')-IIb,1
1020,APH(3'')-Ib,0
1020,AcrE,1
1020,AcrF,1
1020,AcrS,1
1020,BUT-1,1
1020,CARB-18,0
1020,CARB-20,1
1020,CARB-21,0
1020,CARB-22,0
1020,CRP,1
1020,GlpT,1
1020,H-NS,1
1020,ICR-Mc,0
1020,OCH-7,0
1020,PmrF,1
1020,TolC,1
1020,YojI,1
1020,acrA,1
1020,acrB,1
1020,acrD,0
1020,acrR,1
1020,adeF,1
1020,bacA,1
1020,baeR,1
1020,baeS,1
1020,cpxA,1
1020,dfrA5,0
1020,emrA,1
1020,emrB,1
1020,emrE,1
1020,emrK,1
1020,emrR,1
1020,emrY,1
1020,eptA,1
1020,evgA,1
1020,evgS,1
1020,floR,0
1020,gadW,0
1020,gadX,1
1020,gyrA,0
1020,kdpE,1
1020,marA,1
1020,marR,1
1020,mdfA,1
1020,mdtA,1
1020,mdtB,1
1020,mdtC,1
1020,mdtE,1
1020,mdtF,1
1020,mdtG,1
1020,mdtH,1
1020,mdtM,1
1020,mdtN,1
1020,mdtO,1
1020,mdtP,1
1020,msbA,1
1020,nfsA,1
1020,parC,0
1020,rpoB,0
1020,soxR,1
1020,soxS,1
1020,sul2,0
1020,tet(B),0
1020,tet(D),0
1020,tetR,0
1020,ugd,1
1020,vgaC,0
1602,ANT(4')-IIb,1
1602,APH(3'')-Ib,0
1602,AcrE,1
1602,AcrF,1
1602,AcrS,1
1602,BUT-1,1
1602,CARB-18,0
1602,CARB-20,0
1602,CARB-21,1
1602,CARB-22,0
1602,CRP,1
1602,GlpT,1
1602,H-NS,1
1602,ICR-Mc,0
1602,OCH-7,0
1602,PmrF,1
1602,TolC,1
1602,YojI,1
1602,acrA,1
1602,acrB,1
1602,acrD,0
1602,acrR,1
1602,adeF,1
1602,bacA,1
1602,baeR,1
1602,baeS,1
1602,cpxA,1
1602,dfrA5,0
1602,emrA,1
1602,emrB,1
1602,emrE,1
1602,emrK,1
1602,emrR,1
1602,emrY,1
1602,eptA,1
1602,evgA,1
1602,evgS,1
1602,floR,0
1602,gadW,0
1602,gadX,1
1602,gyrA,0
1602,kdpE,1
1602,marA,1
1602,marR,1
1602,mdfA,1
1602,mdtA,1
1602,mdtB,1
1602,mdtC,1
1602,mdtE,1
1602,mdtF,1
1602,mdtG,1
1602,mdtH,1
1602,mdtM,1
1602,mdtN,1
1602,mdtO,1
1602,mdtP,1
1602,msbA,1
1602,nfsA,1
1602,parC,0
1602,rpoB,0
1602,soxR,1
1602,soxS,1
1602,sul2,0
1602,tet(B),0
1602,tet(D),0
1602,tetR,0
1602,ugd,1
1602,vgaC,0
