variable,group,value
acrA,1032,1
acrB,1032,0
allB,1032,1
aslA,1032,1
cesAB,1032,1
cesD,1032,1
cesD2,1032,0
cesL,1032,0
cesT,1032,0
csgB,1032,0
eae,1032,1
east1,1032,1
efa1,1032,1
entB,1032,0
entC,1032,0
entD,1032,1
entE,1032,1
entF,1032,1
entS,1032,1
escC,1032,1
escD,1032,0
escE,1032,1
escF,1032,1
escG,1032,1
escI,1032,1
escJ,1032,1
escL,1032,1
escN,1032,0
escO,1032,1
escR,1032,1
escS,1032,1
escT,1032,1
escU,1032,1
escV,1032,1
espA,1032,1
espB,1032,1
espD,1032,1
espF,1032,0
espFu/tccP,1032,0
espG,1032,1
espK,1032,0
espL1,1032,1
espL2,1032,1
espL4,1032,1
espM1,1032,1
espN,1032,1
espP,1032,1
espR1,1032,1
espX1,1032,1
espX4,1032,1
espX5,1032,1
espX7/nleL,1032,1
etgA,1032,1
fdeC,1032,1
fepA,1032,1
fepB,1032,1
fepC,1032,1
fepD,1032,1
fepG,1032,0
fes,1032,0
fimA,1032,1
fimB,1032,1
fimC,1032,0
fimD,1032,0
fimE,1032,0
fimF,1032,0
fimG,1032,1
fimH,1032,0
acrA,1759,1
acrB,1759,0
allB,1759,1
aslA,1759,1
cesAB,1759,1
cesD,1759,1
cesD2,1759,0
cesL,1759,0
cesT,1759,0
csgB,1759,0
eae,1759,1
east1,1759,1
efa1,1759,1
entB,1759,0
entC,1759,0
entD,1759,1
entE,1759,1
entF,1759,1
entS,1759,1
escC,1759,1
escD,1759,0
escE,1759,1
escF,1759,1
escG,1759,1
escI,1759,1
escJ,1759,1
escL,1759,1
escN,1759,0
escO,1759,1
escR,1759,1
escS,1759,1
escT,1759,1
escU,1759,1
escV,1759,1
espA,1759,1
espB,1759,1
espD,1759,1
espF,1759,0
espFu/tccP,1759,0
espG,1759,1
espK,1759,0
espL1,1759,1
espL2,1759,1
espL4,1759,1
espM1,1759,1
espN,1759,1
espP,1759,1
espR1,1759,1
espX1,1759,1
espX4,1759,1
espX5,1759,1
espX7/nleL,1759,1
etgA,1759,1
fdeC,1759,1
fepA,1759,1
fepB,1759,1
fepC,1759,1
fepD,1759,1
fepG,1759,0
fes,1759,0
fimA,1759,1
fimB,1759,1
fimC,1759,0
fimD,1759,0
fimE,1759,0
fimF,1759,0
fimG,1759,1
fimH,1759,0
acrA,1036,1
acrB,1036,0
allB,1036,1
aslA,1036,1
cesAB,1036,1
cesD,1036,1
cesD2,1036,0
cesL,1036,0
cesT,1036,1
csgB,1036,0
eae,1036,1
east1,1036,1
efa1,1036,1
entB,1036,0
entC,1036,0
entD,1036,1
entE,1036,1
entF,1036,1
entS,1036,1
escC,1036,1
escD,1036,0
escE,1036,1
escF,1036,1
escG,1036,1
escI,1036,1
escJ,1036,1
escL,1036,1
escN,1036,0
escO,1036,1
escR,1036,1
escS,1036,1
escT,1036,1
escU,1036,1
escV,1036,1
espA,1036,1
espB,1036,1
espD,1036,1
espF,1036,0
espFu/tccP,1036,0
espG,1036,1
espK,1036,0
espL1,1036,1
espL2,1036,1
espL4,1036,1
espM1,1036,1
espN,1036,1
espP,1036,1
espR1,1036,1
espX1,1036,1
espX4,1036,1
espX5,1036,1
espX7/nleL,1036,1
etgA,1036,1
fdeC,1036,1
fepA,1036,1
fepB,1036,1
fepC,1036,1
fepD,1036,1
fepG,1036,0
fes,1036,0
fimA,1036,1
fimB,1036,1
fimC,1036,0
fimD,1036,0
fimE,1036,0
fimF,1036,0
fimG,1036,1
fimH,1036,0
acrA,1751,1
acrB,1751,0
allB,1751,1
aslA,1751,1
cesAB,1751,1
cesD,1751,1
cesD2,1751,1
cesL,1751,0
cesT,1751,0
csgB,1751,0
eae,1751,1
east1,1751,1
efa1,1751,1
entB,1751,0
entC,1751,0
entD,1751,1
entE,1751,1
entF,1751,1
entS,1751,1
escC,1751,1
escD,1751,0
escE,1751,1
escF,1751,1
escG,1751,1
escI,1751,1
escJ,1751,1
escL,1751,1
escN,1751,0
escO,1751,1
escR,1751,1
escS,1751,1
escT,1751,1
escU,1751,1
escV,1751,1
espA,1751,1
espB,1751,1
espD,1751,1
espF,1751,0
espFu/tccP,1751,0
espG,1751,1
espK,1751,0
espL1,1751,1
espL2,1751,1
espL4,1751,1
espM1,1751,1
espN,1751,1
espP,1751,1
espR1,1751,1
espX1,1751,1
espX4,1751,1
espX5,1751,1
espX7/nleL,1751,1
etgA,1751,1
fdeC,1751,1
fepA,1751,1
fepB,1751,1
fepC,1751,1
fepD,1751,1
fepG,1751,0
fes,1751,0
fimA,1751,1
fimB,1751,1
fimC,1751,0
fimD,1751,0
fimE,1751,0
fimF,1751,0
fimG,1751,1
fimH,1751,0
acrA,1476,1
acrB,1476,0
allB,1476,1
aslA,1476,1
cesAB,1476,1
cesD,1476,1
cesD2,1476,0
cesL,1476,0
cesT,1476,0
csgB,1476,0
eae,1476,1
east1,1476,1
efa1,1476,1
entB,1476,0
entC,1476,0
entD,1476,1
entE,1476,1
entF,1476,1
entS,1476,1
escC,1476,1
escD,1476,0
escE,1476,1
escF,1476,1
escG,1476,1
escI,1476,1
escJ,1476,1
escL,1476,1
escN,1476,0
escO,1476,1
escR,1476,1
escS,1476,1
escT,1476,1
escU,1476,1
escV,1476,1
espA,1476,1
espB,1476,1
espD,1476,1
espF,1476,0
espFu/tccP,1476,0
espG,1476,1
espK,1476,0
espL1,1476,1
espL2,1476,1
espL4,1476,1
espM1,1476,1
espN,1476,1
espP,1476,1
espR1,1476,1
espX1,1476,1
espX4,1476,1
espX5,1476,1
espX7/nleL,1476,1
etgA,1476,1
fdeC,1476,1
fepA,1476,1
fepB,1476,1
fepC,1476,1
fepD,1476,1
fepG,1476,0
fes,1476,0
fimA,1476,1
fimB,1476,1
fimC,1476,0
fimD,1476,0
fimE,1476,0
fimF,1476,0
fimG,1476,1
fimH,1476,0
acrA,1033,1
acrB,1033,0
allB,1033,1
aslA,1033,1
cesAB,1033,1
cesD,1033,1
cesD2,1033,0
cesL,1033,0
cesT,1033,1
csgB,1033,0
eae,1033,1
east1,1033,1
efa1,1033,1
entB,1033,0
entC,1033,0
entD,1033,1
entE,1033,1
entF,1033,1
entS,1033,1
escC,1033,1
escD,1033,0
escE,1033,1
escF,1033,1
escG,1033,1
escI,1033,1
escJ,1033,1
escL,1033,1
escN,1033,0
escO,1033,1
escR,1033,1
escS,1033,1
escT,1033,1
escU,1033,1
escV,1033,1
espA,1033,1
espB,1033,1
espD,1033,1
espF,1033,0
espFu/tccP,1033,0
espG,1033,1
espK,1033,0
espL1,1033,1
espL2,1033,1
espL4,1033,1
espM1,1033,1
espN,1033,1
espP,1033,1
espR1,1033,1
espX1,1033,1
espX4,1033,1
espX5,1033,1
espX7/nleL,1033,1
etgA,1033,1
fdeC,1033,1
fepA,1033,1
fepB,1033,1
fepC,1033,1
fepD,1033,1
fepG,1033,0
fes,1033,0
fimA,1033,1
fimB,1033,1
fimC,1033,0
fimD,1033,0
fimE,1033,0
fimF,1033,0
fimG,1033,1
fimH,1033,0
acrA,1294,1
acrB,1294,0
allB,1294,1
aslA,1294,1
cesAB,1294,1
cesD,1294,1
cesD2,1294,0
cesL,1294,0
cesT,1294,0
csgB,1294,0
eae,1294,1
east1,1294,1
efa1,1294,1
entB,1294,0
entC,1294,0
entD,1294,1
entE,1294,1
entF,1294,1
entS,1294,1
escC,1294,1
escD,1294,0
escE,1294,1
escF,1294,1
escG,1294,1
escI,1294,1
escJ,1294,1
escL,1294,1
escN,1294,0
escO,1294,1
escR,1294,1
escS,1294,1
escT,1294,1
escU,1294,1
escV,1294,1
espA,1294,1
espB,1294,1
espD,1294,1
espF,1294,0
espFu/tccP,1294,0
espG,1294,1
espK,1294,0
espL1,1294,1
espL2,1294,1
espL4,1294,1
espM1,1294,1
espN,1294,1
espP,1294,1
espR1,1294,1
espX1,1294,1
espX4,1294,1
espX5,1294,1
espX7/nleL,1294,1
etgA,1294,1
fdeC,1294,1
fepA,1294,1
fepB,1294,1
fepC,1294,1
fepD,1294,1
fepG,1294,0
fes,1294,0
fimA,1294,1
fimB,1294,1
fimC,1294,0
fimD,1294,0
fimE,1294,0
fimF,1294,0
fimG,1294,1
fimH,1294,0
acrA,1058,1
acrB,1058,0
allB,1058,1
aslA,1058,1
cesAB,1058,1
cesD,1058,1
cesD2,1058,0
cesL,1058,0
cesT,1058,0
csgB,1058,0
eae,1058,1
east1,1058,1
efa1,1058,1
entB,1058,0
entC,1058,0
entD,1058,1
entE,1058,1
entF,1058,1
entS,1058,1
escC,1058,1
escD,1058,0
escE,1058,1
escF,1058,1
escG,1058,1
escI,1058,1
escJ,1058,1
escL,1058,1
escN,1058,0
escO,1058,1
escR,1058,1
escS,1058,1
escT,1058,1
escU,1058,1
escV,1058,1
espA,1058,1
espB,1058,1
espD,1058,1
espF,1058,0
espFu/tccP,1058,0
espG,1058,1
espK,1058,0
espL1,1058,1
espL2,1058,1
espL4,1058,1
espM1,1058,1
espN,1058,1
espP,1058,1
espR1,1058,1
espX1,1058,1
espX4,1058,1
espX5,1058,1
espX7/nleL,1058,1
etgA,1058,1
fdeC,1058,1
fepA,1058,1
fepB,1058,1
fepC,1058,1
fepD,1058,1
fepG,1058,0
fes,1058,0
fimA,1058,1
fimB,1058,1
fimC,1058,0
fimD,1058,0
fimE,1058,0
fimF,1058,0
fimG,1058,1
fimH,1058,0
acrA,1803,1
acrB,1803,0
allB,1803,1
aslA,1803,1
cesAB,1803,1
cesD,1803,1
cesD2,1803,0
cesL,1803,0
cesT,1803,0
csgB,1803,0
eae,1803,1
east1,1803,1
efa1,1803,1
entB,1803,0
entC,1803,0
entD,1803,1
entE,1803,1
entF,1803,1
entS,1803,1
escC,1803,1
escD,1803,0
escE,1803,1
escF,1803,1
escG,1803,1
escI,1803,1
escJ,1803,1
escL,1803,1
escN,1803,0
escO,1803,1
escR,1803,1
escS,1803,1
escT,1803,1
escU,1803,1
escV,1803,1
espA,1803,1
espB,1803,1
espD,1803,1
espF,1803,0
espFu/tccP,1803,0
espG,1803,1
espK,1803,0
espL1,1803,1
espL2,1803,1
espL4,1803,1
espM1,1803,1
espN,1803,1
espP,1803,1
espR1,1803,1
espX1,1803,1
espX4,1803,1
espX5,1803,1
espX7/nleL,1803,1
etgA,1803,1
fdeC,1803,1
fepA,1803,1
fepB,1803,1
fepC,1803,1
fepD,1803,1
fepG,1803,0
fes,1803,0
fimA,1803,1
fimB,1803,1
fimC,1803,0
fimD,1803,0
fimE,1803,0
fimF,1803,0
fimG,1803,1
fimH,1803,0
acrA,1239,1
acrB,1239,0
allB,1239,1
aslA,1239,1
cesAB,1239,1
cesD,1239,1
cesD2,1239,0
cesL,1239,0
cesT,1239,1
csgB,1239,0
eae,1239,1
east1,1239,1
efa1,1239,1
entB,1239,0
entC,1239,0
entD,1239,1
entE,1239,1
entF,1239,1
entS,1239,1
escC,1239,1
escD,1239,0
escE,1239,1
escF,1239,1
escG,1239,1
escI,1239,1
escJ,1239,1
escL,1239,1
escN,1239,0
escO,1239,1
escR,1239,1
escS,1239,1
escT,1239,1
escU,1239,1
escV,1239,1
espA,1239,1
espB,1239,1
espD,1239,1
espF,1239,0
espFu/tccP,1239,0
espG,1239,1
espK,1239,0
espL1,1239,1
espL2,1239,1
espL4,1239,1
espM1,1239,1
espN,1239,1
espP,1239,1
espR1,1239,1
espX1,1239,1
espX4,1239,1
espX5,1239,1
espX7/nleL,1239,1
etgA,1239,1
fdeC,1239,1
fepA,1239,1
fepB,1239,1
fepC,1239,1
fepD,1239,1
fepG,1239,0
fes,1239,0
fimA,1239,1
fimB,1239,1
fimC,1239,0
fimD,1239,0
fimE,1239,0
fimF,1239,0
fimG,1239,1
fimH,1239,0
acrA,1752,1
acrB,1752,0
allB,1752,1
aslA,1752,1
cesAB,1752,1
cesD,1752,1
cesD2,1752,0
cesL,1752,0
cesT,1752,0
csgB,1752,1
eae,1752,1
east1,1752,1
efa1,1752,1
entB,1752,0
entC,1752,0
entD,1752,1
entE,1752,1
entF,1752,1
entS,1752,1
escC,1752,1
escD,1752,0
escE,1752,1
escF,1752,1
escG,1752,1
escI,1752,1
escJ,1752,1
escL,1752,1
escN,1752,0
escO,1752,1
escR,1752,1
escS,1752,1
escT,1752,1
escU,1752,1
escV,1752,1
espA,1752,1
espB,1752,1
espD,1752,1
espF,1752,0
espFu/tccP,1752,0
espG,1752,1
espK,1752,0
espL1,1752,1
espL2,1752,1
espL4,1752,1
espM1,1752,1
espN,1752,1
espP,1752,1
espR1,1752,1
espX1,1752,1
espX4,1752,1
espX5,1752,1
espX7/nleL,1752,1
etgA,1752,1
fdeC,1752,1
fepA,1752,1
fepB,1752,1
fepC,1752,1
fepD,1752,1
fepG,1752,0
fes,1752,0
fimA,1752,1
fimB,1752,1
fimC,1752,0
fimD,1752,0
fimE,1752,0
fimF,1752,0
fimG,1752,1
fimH,1752,0
acrA,1704,1
acrB,1704,0
allB,1704,1
aslA,1704,1
cesAB,1704,1
cesD,1704,1
cesD2,1704,0
cesL,1704,0
cesT,1704,1
csgB,1704,0
eae,1704,1
east1,1704,1
efa1,1704,1
entB,1704,0
entC,1704,0
entD,1704,1
entE,1704,1
entF,1704,1
entS,1704,1
escC,1704,1
escD,1704,0
escE,1704,1
escF,1704,1
escG,1704,1
escI,1704,1
escJ,1704,1
escL,1704,1
escN,1704,0
escO,1704,1
escR,1704,1
escS,1704,1
escT,1704,1
escU,1704,1
escV,1704,1
espA,1704,1
espB,1704,1
espD,1704,1
espF,1704,0
espFu/tccP,1704,0
espG,1704,1
espK,1704,0
espL1,1704,1
espL2,1704,1
espL4,1704,1
espM1,1704,1
espN,1704,1
espP,1704,1
espR1,1704,1
espX1,1704,1
espX4,1704,1
espX5,1704,1
espX7/nleL,1704,1
etgA,1704,1
fdeC,1704,1
fepA,1704,1
fepB,1704,1
fepC,1704,1
fepD,1704,1
fepG,1704,0
fes,1704,0
fimA,1704,1
fimB,1704,1
fimC,1704,0
fimD,1704,0
fimE,1704,0
fimF,1704,0
fimG,1704,1
fimH,1704,0
acrA,1145,1
acrB,1145,0
allB,1145,1
aslA,1145,1
cesAB,1145,1
cesD,1145,1
cesD2,1145,0
cesL,1145,0
cesT,1145,0
csgB,1145,0
eae,1145,1
east1,1145,1
efa1,1145,1
entB,1145,0
entC,1145,0
entD,1145,1
entE,1145,1
entF,1145,1
entS,1145,1
escC,1145,1
escD,1145,0
escE,1145,1
escF,1145,1
escG,1145,1
escI,1145,1
escJ,1145,1
escL,1145,1
escN,1145,0
escO,1145,1
escR,1145,1
escS,1145,1
escT,1145,1
escU,1145,1
escV,1145,1
espA,1145,1
espB,1145,1
espD,1145,1
espF,1145,0
espFu/tccP,1145,0
espG,1145,1
espK,1145,0
espL1,1145,1
espL2,1145,1
espL4,1145,1
espM1,1145,1
espN,1145,1
espP,1145,1
espR1,1145,1
espX1,1145,1
espX4,1145,1
espX5,1145,1
espX7/nleL,1145,1
etgA,1145,1
fdeC,1145,1
fepA,1145,1
fepB,1145,1
fepC,1145,1
fepD,1145,1
fepG,1145,0
fes,1145,0
fimA,1145,1
fimB,1145,1
fimC,1145,0
fimD,1145,0
fimE,1145,0
fimF,1145,0
fimG,1145,1
fimH,1145,0
acrA,1309,1
acrB,1309,0
allB,1309,1
aslA,1309,1
cesAB,1309,1
cesD,1309,1
cesD2,1309,0
cesL,1309,0
cesT,1309,1
csgB,1309,0
eae,1309,1
east1,1309,1
efa1,1309,1
entB,1309,0
entC,1309,0
entD,1309,1
entE,1309,1
entF,1309,1
entS,1309,1
escC,1309,1
escD,1309,0
escE,1309,1
escF,1309,1
escG,1309,1
escI,1309,1
escJ,1309,1
escL,1309,1
escN,1309,0
escO,1309,1
escR,1309,1
escS,1309,1
escT,1309,1
escU,1309,1
escV,1309,1
espA,1309,1
espB,1309,1
espD,1309,1
espF,1309,0
espFu/tccP,1309,0
espG,1309,1
espK,1309,0
espL1,1309,1
espL2,1309,1
espL4,1309,1
espM1,1309,1
espN,1309,1
espP,1309,1
espR1,1309,1
espX1,1309,1
espX4,1309,1
espX5,1309,1
espX7/nleL,1309,1
etgA,1309,1
fdeC,1309,1
fepA,1309,1
fepB,1309,1
fepC,1309,1
fepD,1309,1
fepG,1309,0
fes,1309,0
fimA,1309,1
fimB,1309,1
fimC,1309,0
fimD,1309,0
fimE,1309,0
fimF,1309,0
fimG,1309,1
fimH,1309,0
acrA,1785,1
acrB,1785,0
allB,1785,1
aslA,1785,1
cesAB,1785,1
cesD,1785,1
cesD2,1785,0
cesL,1785,0
cesT,1785,0
csgB,1785,0
eae,1785,1
east1,1785,1
efa1,1785,1
entB,1785,0
entC,1785,0
entD,1785,1
entE,1785,1
entF,1785,1
entS,1785,1
escC,1785,1
escD,1785,0
escE,1785,1
escF,1785,1
escG,1785,1
escI,1785,1
escJ,1785,1
escL,1785,1
escN,1785,0
escO,1785,1
escR,1785,1
escS,1785,1
escT,1785,1
escU,1785,1
escV,1785,1
espA,1785,1
espB,1785,1
espD,1785,1
espF,1785,0
espFu/tccP,1785,0
espG,1785,1
espK,1785,0
espL1,1785,1
espL2,1785,1
espL4,1785,1
espM1,1785,1
espN,1785,1
espP,1785,1
espR1,1785,1
espX1,1785,1
espX4,1785,1
espX5,1785,1
espX7/nleL,1785,1
etgA,1785,1
fdeC,1785,1
fepA,1785,1
fepB,1785,1
fepC,1785,1
fepD,1785,1
fepG,1785,0
fes,1785,0
fimA,1785,1
fimB,1785,1
fimC,1785,0
fimD,1785,0
fimE,1785,0
fimF,1785,0
fimG,1785,1
fimH,1785,0
acrA,1293,1
acrB,1293,0
allB,1293,1
aslA,1293,1
cesAB,1293,1
cesD,1293,1
cesD2,1293,1
cesL,1293,0
cesT,1293,0
csgB,1293,0
eae,1293,1
east1,1293,1
efa1,1293,1
entB,1293,0
entC,1293,0
entD,1293,1
entE,1293,1
entF,1293,1
entS,1293,1
escC,1293,1
escD,1293,0
escE,1293,1
escF,1293,1
escG,1293,1
escI,1293,1
escJ,1293,1
escL,1293,1
escN,1293,0
escO,1293,1
escR,1293,1
escS,1293,1
escT,1293,1
escU,1293,1
escV,1293,1
espA,1293,1
espB,1293,1
espD,1293,1
espF,1293,0
espFu/tccP,1293,0
espG,1293,1
espK,1293,0
espL1,1293,1
espL2,1293,1
espL4,1293,1
espM1,1293,1
espN,1293,1
espP,1293,1
espR1,1293,1
espX1,1293,1
espX4,1293,1
espX5,1293,1
espX7/nleL,1293,1
etgA,1293,1
fdeC,1293,1
fepA,1293,1
fepB,1293,1
fepC,1293,1
fepD,1293,1
fepG,1293,0
fes,1293,0
fimA,1293,1
fimB,1293,1
fimC,1293,0
fimD,1293,0
fimE,1293,0
fimF,1293,0
fimG,1293,1
fimH,1293,0
acrA,1595,1
acrB,1595,0
allB,1595,1
aslA,1595,1
cesAB,1595,1
cesD,1595,1
cesD2,1595,0
cesL,1595,0
cesT,1595,0
csgB,1595,0
eae,1595,1
east1,1595,1
efa1,1595,1
entB,1595,0
entC,1595,0
entD,1595,1
entE,1595,1
entF,1595,1
entS,1595,1
escC,1595,1
escD,1595,0
escE,1595,1
escF,1595,1
escG,1595,1
escI,1595,1
escJ,1595,1
escL,1595,1
escN,1595,0
escO,1595,1
escR,1595,1
escS,1595,1
escT,1595,1
escU,1595,1
escV,1595,1
espA,1595,1
espB,1595,1
espD,1595,1
espF,1595,0
espFu/tccP,1595,0
espG,1595,1
espK,1595,0
espL1,1595,1
espL2,1595,1
espL4,1595,1
espM1,1595,1
espN,1595,1
espP,1595,1
espR1,1595,1
espX1,1595,1
espX4,1595,1
espX5,1595,1
espX7/nleL,1595,1
etgA,1595,1
fdeC,1595,1
fepA,1595,1
fepB,1595,1
fepC,1595,1
fepD,1595,1
fepG,1595,0
fes,1595,0
fimA,1595,1
fimB,1595,1
fimC,1595,0
fimD,1595,0
fimE,1595,0
fimF,1595,0
fimG,1595,1
fimH,1595,0
acrA,1350,1
acrB,1350,0
allB,1350,1
aslA,1350,1
cesAB,1350,1
cesD,1350,1
cesD2,1350,0
cesL,1350,0
cesT,1350,0
csgB,1350,0
eae,1350,1
east1,1350,1
efa1,1350,1
entB,1350,0
entC,1350,0
entD,1350,1
entE,1350,1
entF,1350,1
entS,1350,1
escC,1350,1
escD,1350,0
escE,1350,1
escF,1350,1
escG,1350,1
escI,1350,1
escJ,1350,1
escL,1350,1
escN,1350,0
escO,1350,1
escR,1350,1
escS,1350,1
escT,1350,1
escU,1350,1
escV,1350,1
espA,1350,1
espB,1350,1
espD,1350,1
espF,1350,0
espFu/tccP,1350,0
espG,1350,1
espK,1350,0
espL1,1350,1
espL2,1350,1
espL4,1350,1
espM1,1350,1
espN,1350,1
espP,1350,1
espR1,1350,1
espX1,1350,1
espX4,1350,1
espX5,1350,1
espX7/nleL,1350,1
etgA,1350,1
fdeC,1350,1
fepA,1350,1
fepB,1350,1
fepC,1350,1
fepD,1350,1
fepG,1350,0
fes,1350,0
fimA,1350,1
fimB,1350,1
fimC,1350,0
fimD,1350,0
fimE,1350,0
fimF,1350,0
fimG,1350,1
fimH,1350,0
acrA,1166,1
acrB,1166,0
allB,1166,1
aslA,1166,1
cesAB,1166,1
cesD,1166,1
cesD2,1166,0
cesL,1166,0
cesT,1166,1
csgB,1166,0
eae,1166,1
east1,1166,1
efa1,1166,1
entB,1166,0
entC,1166,0
entD,1166,1
entE,1166,1
entF,1166,1
entS,1166,1
escC,1166,1
escD,1166,0
escE,1166,1
escF,1166,1
escG,1166,1
escI,1166,1
escJ,1166,1
escL,1166,1
escN,1166,0
escO,1166,1
escR,1166,1
escS,1166,1
escT,1166,1
escU,1166,1
escV,1166,1
espA,1166,1
espB,1166,1
espD,1166,1
espF,1166,0
espFu/tccP,1166,0
espG,1166,1
espK,1166,0
espL1,1166,1
espL2,1166,1
espL4,1166,1
espM1,1166,1
espN,1166,1
espP,1166,1
espR1,1166,1
espX1,1166,1
espX4,1166,1
espX5,1166,1
espX7/nleL,1166,1
etgA,1166,1
fdeC,1166,1
fepA,1166,1
fepB,1166,1
fepC,1166,1
fepD,1166,1
fepG,1166,0
fes,1166,0
fimA,1166,1
fimB,1166,1
fimC,1166,0
fimD,1166,0
fimE,1166,0
fimF,1166,0
fimG,1166,1
fimH,1166,0
acrA,1831,1
acrB,1831,0
allB,1831,1
aslA,1831,1
cesAB,1831,1
cesD,1831,1
cesD2,1831,0
cesL,1831,0
cesT,1831,0
csgB,1831,0
eae,1831,1
east1,1831,1
efa1,1831,1
entB,1831,0
entC,1831,0
entD,1831,1
entE,1831,1
entF,1831,1
entS,1831,1
escC,1831,1
escD,1831,0
escE,1831,1
escF,1831,1
escG,1831,1
escI,1831,1
escJ,1831,1
escL,1831,1
escN,1831,0
escO,1831,1
escR,1831,1
escS,1831,1
escT,1831,1
escU,1831,1
escV,1831,1
espA,1831,1
espB,1831,1
espD,1831,1
espF,1831,0
espFu/tccP,1831,0
espG,1831,1
espK,1831,0
espL1,1831,1
espL2,1831,1
espL4,1831,1
espM1,1831,1
espN,1831,1
espP,1831,1
espR1,1831,1
espX1,1831,1
espX4,1831,1
espX5,1831,1
espX7/nleL,1831,1
etgA,1831,1
fdeC,1831,1
fepA,1831,1
fepB,1831,1
fepC,1831,1
fepD,1831,1
fepG,1831,0
fes,1831,0
fimA,1831,1
fimB,1831,1
fimC,1831,0
fimD,1831,0
fimE,1831,0
fimF,1831,0
fimG,1831,1
fimH,1831,0
acrA,1292,1
acrB,1292,0
allB,1292,1
aslA,1292,1
cesAB,1292,1
cesD,1292,1
cesD2,1292,0
cesL,1292,0
cesT,1292,0
csgB,1292,0
eae,1292,1
east1,1292,1
efa1,1292,1
entB,1292,0
entC,1292,0
entD,1292,1
entE,1292,1
entF,1292,1
entS,1292,1
escC,1292,1
escD,1292,0
escE,1292,1
escF,1292,1
escG,1292,1
escI,1292,1
escJ,1292,1
escL,1292,1
escN,1292,0
escO,1292,1
escR,1292,1
escS,1292,1
escT,1292,1
escU,1292,1
escV,1292,1
espA,1292,1
espB,1292,1
espD,1292,1
espF,1292,0
espFu/tccP,1292,0
espG,1292,1
espK,1292,0
espL1,1292,1
espL2,1292,1
espL4,1292,1
espM1,1292,1
espN,1292,1
espP,1292,1
espR1,1292,1
espX1,1292,1
espX4,1292,1
espX5,1292,1
espX7/nleL,1292,1
etgA,1292,1
fdeC,1292,1
fepA,1292,1
fepB,1292,1
fepC,1292,1
fepD,1292,1
fepG,1292,0
fes,1292,0
fimA,1292,1
fimB,1292,1
fimC,1292,0
fimD,1292,0
fimE,1292,0
fimF,1292,0
fimG,1292,1
fimH,1292,0
acrA,1720,1
acrB,1720,0
allB,1720,1
aslA,1720,1
cesAB,1720,1
cesD,1720,1
cesD2,1720,0
cesL,1720,1
cesT,1720,0
csgB,1720,0
eae,1720,1
east1,1720,1
efa1,1720,1
entB,1720,0
entC,1720,0
entD,1720,1
entE,1720,1
entF,1720,1
entS,1720,1
escC,1720,1
escD,1720,0
escE,1720,1
escF,1720,1
escG,1720,1
escI,1720,1
escJ,1720,1
escL,1720,1
escN,1720,0
escO,1720,1
escR,1720,1
escS,1720,1
escT,1720,1
escU,1720,1
escV,1720,1
espA,1720,1
espB,1720,1
espD,1720,1
espF,1720,0
espFu/tccP,1720,0
espG,1720,1
espK,1720,0
espL1,1720,1
espL2,1720,1
espL4,1720,1
espM1,1720,1
espN,1720,1
espP,1720,1
espR1,1720,1
espX1,1720,1
espX4,1720,1
espX5,1720,1
espX7/nleL,1720,1
etgA,1720,1
fdeC,1720,1
fepA,1720,1
fepB,1720,1
fepC,1720,1
fepD,1720,1
fepG,1720,0
fes,1720,1
fimA,1720,1
fimB,1720,1
fimC,1720,0
fimD,1720,0
fimE,1720,0
fimF,1720,0
fimG,1720,1
fimH,1720,0
acrA,1491,1
acrB,1491,0
allB,1491,1
aslA,1491,1
cesAB,1491,1
cesD,1491,1
cesD2,1491,1
cesL,1491,0
cesT,1491,0
csgB,1491,0
eae,1491,1
east1,1491,1
efa1,1491,1
entB,1491,0
entC,1491,0
entD,1491,1
entE,1491,1
entF,1491,1
entS,1491,1
escC,1491,1
escD,1491,0
escE,1491,1
escF,1491,1
escG,1491,1
escI,1491,1
escJ,1491,1
escL,1491,1
escN,1491,0
escO,1491,1
escR,1491,1
escS,1491,1
escT,1491,1
escU,1491,1
escV,1491,1
espA,1491,1
espB,1491,1
espD,1491,1
espF,1491,0
espFu/tccP,1491,0
espG,1491,1
espK,1491,0
espL1,1491,1
espL2,1491,1
espL4,1491,1
espM1,1491,1
espN,1491,1
espP,1491,1
espR1,1491,1
espX1,1491,1
espX4,1491,1
espX5,1491,1
espX7/nleL,1491,1
etgA,1491,1
fdeC,1491,1
fepA,1491,1
fepB,1491,1
fepC,1491,1
fepD,1491,1
fepG,1491,0
fes,1491,0
fimA,1491,1
fimB,1491,1
fimC,1491,0
fimD,1491,0
fimE,1491,0
fimF,1491,0
fimG,1491,1
fimH,1491,0
acrA,1548,1
acrB,1548,0
allB,1548,1
aslA,1548,1
cesAB,1548,1
cesD,1548,1
cesD2,1548,1
cesL,1548,0
cesT,1548,0
csgB,1548,0
eae,1548,1
east1,1548,1
efa1,1548,1
entB,1548,0
entC,1548,0
entD,1548,1
entE,1548,1
entF,1548,1
entS,1548,1
escC,1548,1
escD,1548,0
escE,1548,1
escF,1548,1
escG,1548,1
escI,1548,1
escJ,1548,1
escL,1548,1
escN,1548,0
escO,1548,1
escR,1548,1
escS,1548,1
escT,1548,1
escU,1548,1
escV,1548,1
espA,1548,1
espB,1548,1
espD,1548,1
espF,1548,0
espFu/tccP,1548,0
espG,1548,1
espK,1548,0
espL1,1548,1
espL2,1548,1
espL4,1548,1
espM1,1548,1
espN,1548,1
espP,1548,1
espR1,1548,1
espX1,1548,1
espX4,1548,1
espX5,1548,1
espX7/nleL,1548,1
etgA,1548,1
fdeC,1548,1
fepA,1548,1
fepB,1548,1
fepC,1548,1
fepD,1548,1
fepG,1548,0
fes,1548,0
fimA,1548,1
fimB,1548,1
fimC,1548,0
fimD,1548,0
fimE,1548,0
fimF,1548,0
fimG,1548,1
fimH,1548,0
acrA,1358,1
acrB,1358,0
allB,1358,1
aslA,1358,1
cesAB,1358,1
cesD,1358,1
cesD2,1358,0
cesL,1358,0
cesT,1358,0
csgB,1358,0
eae,1358,1
east1,1358,1
efa1,1358,1
entB,1358,0
entC,1358,0
entD,1358,1
entE,1358,1
entF,1358,1
entS,1358,1
escC,1358,1
escD,1358,0
escE,1358,1
escF,1358,1
escG,1358,1
escI,1358,1
escJ,1358,1
escL,1358,1
escN,1358,0
escO,1358,1
escR,1358,1
escS,1358,1
escT,1358,1
escU,1358,1
escV,1358,1
espA,1358,1
espB,1358,1
espD,1358,1
espF,1358,0
espFu/tccP,1358,0
espG,1358,1
espK,1358,0
espL1,1358,1
espL2,1358,1
espL4,1358,1
espM1,1358,1
espN,1358,1
espP,1358,1
espR1,1358,1
espX1,1358,1
espX4,1358,1
espX5,1358,1
espX7/nleL,1358,1
etgA,1358,1
fdeC,1358,1
fepA,1358,1
fepB,1358,1
fepC,1358,1
fepD,1358,1
fepG,1358,0
fes,1358,0
fimA,1358,1
fimB,1358,1
fimC,1358,0
fimD,1358,0
fimE,1358,0
fimF,1358,0
fimG,1358,1
fimH,1358,0
acrA,1419,1
acrB,1419,0
allB,1419,1
aslA,1419,1
cesAB,1419,1
cesD,1419,1
cesD2,1419,0
cesL,1419,0
cesT,1419,1
csgB,1419,0
eae,1419,1
east1,1419,1
efa1,1419,1
entB,1419,0
entC,1419,0
entD,1419,1
entE,1419,1
entF,1419,1
entS,1419,1
escC,1419,1
escD,1419,0
escE,1419,1
escF,1419,1
escG,1419,1
escI,1419,1
escJ,1419,1
escL,1419,1
escN,1419,0
escO,1419,1
escR,1419,1
escS,1419,1
escT,1419,1
escU,1419,1
escV,1419,1
espA,1419,1
espB,1419,1
espD,1419,1
espF,1419,0
espFu/tccP,1419,0
espG,1419,1
espK,1419,0
espL1,1419,1
espL2,1419,1
espL4,1419,1
espM1,1419,1
espN,1419,1
espP,1419,1
espR1,1419,1
espX1,1419,1
espX4,1419,1
espX5,1419,1
espX7/nleL,1419,1
etgA,1419,1
fdeC,1419,1
fepA,1419,1
fepB,1419,1
fepC,1419,1
fepD,1419,1
fepG,1419,0
fes,1419,0
fimA,1419,1
fimB,1419,1
fimC,1419,0
fimD,1419,0
fimE,1419,0
fimF,1419,0
fimG,1419,1
fimH,1419,0
acrA,1217,1
acrB,1217,0
allB,1217,1
aslA,1217,1
cesAB,1217,1
cesD,1217,1
cesD2,1217,0
cesL,1217,0
cesT,1217,1
csgB,1217,0
eae,1217,1
east1,1217,1
efa1,1217,1
entB,1217,0
entC,1217,0
entD,1217,1
entE,1217,1
entF,1217,1
entS,1217,1
escC,1217,1
escD,1217,0
escE,1217,1
escF,1217,1
escG,1217,1
escI,1217,1
escJ,1217,1
escL,1217,1
escN,1217,0
escO,1217,1
escR,1217,1
escS,1217,1
escT,1217,1
escU,1217,1
escV,1217,1
espA,1217,1
espB,1217,1
espD,1217,1
espF,1217,0
espFu/tccP,1217,0
espG,1217,1
espK,1217,0
espL1,1217,1
espL2,1217,1
espL4,1217,1
espM1,1217,1
espN,1217,1
espP,1217,1
espR1,1217,1
espX1,1217,1
espX4,1217,1
espX5,1217,1
espX7/nleL,1217,1
etgA,1217,1
fdeC,1217,1
fepA,1217,1
fepB,1217,1
fepC,1217,1
fepD,1217,1
fepG,1217,0
fes,1217,0
fimA,1217,1
fimB,1217,1
fimC,1217,0
fimD,1217,0
fimE,1217,0
fimF,1217,0
fimG,1217,1
fimH,1217,0
acrA,1572,1
acrB,1572,0
allB,1572,1
aslA,1572,1
cesAB,1572,1
cesD,1572,1
cesD2,1572,0
cesL,1572,0
cesT,1572,0
csgB,1572,0
eae,1572,1
east1,1572,1
efa1,1572,1
entB,1572,0
entC,1572,0
entD,1572,1
entE,1572,1
entF,1572,1
entS,1572,1
escC,1572,1
escD,1572,0
escE,1572,1
escF,1572,1
escG,1572,1
escI,1572,1
escJ,1572,1
escL,1572,1
escN,1572,0
escO,1572,1
escR,1572,1
escS,1572,1
escT,1572,1
escU,1572,1
escV,1572,1
espA,1572,1
espB,1572,1
espD,1572,1
espF,1572,0
espFu/tccP,1572,0
espG,1572,1
espK,1572,0
espL1,1572,1
espL2,1572,1
espL4,1572,1
espM1,1572,1
espN,1572,1
espP,1572,1
espR1,1572,1
espX1,1572,1
espX4,1572,1
espX5,1572,1
espX7/nleL,1572,1
etgA,1572,1
fdeC,1572,1
fepA,1572,1
fepB,1572,1
fepC,1572,1
fepD,1572,1
fepG,1572,0
fes,1572,0
fimA,1572,1
fimB,1572,1
fimC,1572,0
fimD,1572,0
fimE,1572,0
fimF,1572,0
fimG,1572,1
fimH,1572,0
acrA,1632,1
acrB,1632,0
allB,1632,1
aslA,1632,1
cesAB,1632,1
cesD,1632,1
cesD2,1632,0
cesL,1632,0
cesT,1632,0
csgB,1632,0
eae,1632,1
east1,1632,1
efa1,1632,1
entB,1632,0
entC,1632,0
entD,1632,1
entE,1632,1
entF,1632,1
entS,1632,1
escC,1632,1
escD,1632,0
escE,1632,1
escF,1632,1
escG,1632,1
escI,1632,1
escJ,1632,1
escL,1632,1
escN,1632,0
escO,1632,1
escR,1632,1
escS,1632,1
escT,1632,1
escU,1632,1
escV,1632,1
espA,1632,1
espB,1632,1
espD,1632,1
espF,1632,0
espFu/tccP,1632,0
espG,1632,1
espK,1632,0
espL1,1632,1
espL2,1632,1
espL4,1632,1
espM1,1632,1
espN,1632,1
espP,1632,1
espR1,1632,1
espX1,1632,1
espX4,1632,1
espX5,1632,1
espX7/nleL,1632,1
etgA,1632,1
fdeC,1632,1
fepA,1632,1
fepB,1632,1
fepC,1632,1
fepD,1632,1
fepG,1632,0
fes,1632,1
fimA,1632,1
fimB,1632,1
fimC,1632,0
fimD,1632,0
fimE,1632,0
fimF,1632,0
fimG,1632,1
fimH,1632,0
acrA,1077,1
acrB,1077,0
allB,1077,1
aslA,1077,1
cesAB,1077,1
cesD,1077,1
cesD2,1077,0
cesL,1077,0
cesT,1077,1
csgB,1077,0
eae,1077,1
east1,1077,1
efa1,1077,1
entB,1077,0
entC,1077,0
entD,1077,1
entE,1077,1
entF,1077,1
entS,1077,1
escC,1077,1
escD,1077,0
escE,1077,1
escF,1077,1
escG,1077,1
escI,1077,1
escJ,1077,1
escL,1077,1
escN,1077,0
escO,1077,1
escR,1077,1
escS,1077,1
escT,1077,1
escU,1077,1
escV,1077,1
espA,1077,1
espB,1077,1
espD,1077,1
espF,1077,0
espFu/tccP,1077,0
espG,1077,1
espK,1077,0
espL1,1077,1
espL2,1077,1
espL4,1077,1
espM1,1077,1
espN,1077,1
espP,1077,1
espR1,1077,1
espX1,1077,1
espX4,1077,1
espX5,1077,1
espX7/nleL,1077,1
etgA,1077,1
fdeC,1077,1
fepA,1077,1
fepB,1077,1
fepC,1077,1
fepD,1077,1
fepG,1077,0
fes,1077,0
fimA,1077,1
fimB,1077,1
fimC,1077,0
fimD,1077,0
fimE,1077,0
fimF,1077,0
fimG,1077,1
fimH,1077,0
acrA,1020,1
acrB,1020,0
allB,1020,1
aslA,1020,1
cesAB,1020,1
cesD,1020,1
cesD2,1020,0
cesL,1020,1
cesT,1020,0
csgB,1020,0
eae,1020,1
east1,1020,1
efa1,1020,1
entB,1020,0
entC,1020,0
entD,1020,1
entE,1020,1
entF,1020,1
entS,1020,1
escC,1020,1
escD,1020,0
escE,1020,1
escF,1020,1
escG,1020,1
escI,1020,1
escJ,1020,1
escL,1020,1
escN,1020,0
escO,1020,1
escR,1020,1
escS,1020,1
escT,1020,1
escU,1020,1
escV,1020,1
espA,1020,1
espB,1020,1
espD,1020,1
espF,1020,0
espFu/tccP,1020,0
espG,1020,1
espK,1020,0
espL1,1020,1
espL2,1020,1
espL4,1020,1
espM1,1020,1
espN,1020,1
espP,1020,1
espR1,1020,1
espX1,1020,1
espX4,1020,1
espX5,1020,1
espX7/nleL,1020,1
etgA,1020,1
fdeC,1020,1
fepA,1020,1
fepB,1020,1
fepC,1020,1
fepD,1020,1
fepG,1020,0
fes,1020,0
fimA,1020,1
fimB,1020,1
fimC,1020,0
fimD,1020,0
fimE,1020,0
fimF,1020,0
fimG,1020,1
fimH,1020,0
acrA,1602,1
acrB,1602,0
allB,1602,1
aslA,1602,1
cesAB,1602,1
cesD,1602,1
cesD2,1602,0
cesL,1602,0
cesT,1602,1
csgB,1602,0
eae,1602,1
east1,1602,1
efa1,1602,1
entB,1602,0
entC,1602,0
entD,1602,1
entE,1602,1
entF,1602,1
entS,1602,1
escC,1602,1
escD,1602,0
escE,1602,1
escF,1602,1
escG,1602,1
escI,1602,1
escJ,1602,1
escL,1602,1
escN,1602,0
escO,1602,1
escR,1602,1
escS,1602,1
escT,1602,1
escU,1602,1
escV,1602,1
espA,1602,1
espB,1602,1
espD,1602,1
espF,1602,0
espFu/tccP,1602,0
espG,1602,1
espK,1602,0
espL1,1602,1
espL2,1602,1
espL4,1602,1
espM1,1602,1
espN,1602,1
espP,1602,1
espR1,1602,1
espX1,1602,1
espX4,1602,1
espX5,1602,1
espX7/nleL,1602,1
etgA,1602,1
fdeC,1602,1
fepA,1602,1
fepB,1602,1
fepC,1602,1
fepD,1602,1
fepG,1602,0
fes,1602,0
fimA,1602,1
fimB,1602,1
fimC,1602,0
fimD,1602,0
fimE,1602,0
fimF,1602,0
fimG,1602,1
fimH,1602,0
